journalId,journalUrl,journalTitle,journalVolumeIds
j0,458166b3-de17-4bf3-bbbb-e53782de2f0f,Nature Biotechnology,jv0
j1,759663ae-c1b4-41ef-9231-384ab473d4b4,Journal of Organizational and End User Computing,jv1
j2,cfb7bc3b-4dad-4d1f-aea6-f5d1f2499ce8,Synthese,jv2
j3,0a96e67f-c1f1-491d-ab41-4c2c50b523a2,Genome Research,jv3
j4,c6840156-ee10-4d78-8832-7f8909811576,IEEE Transactions on Knowledge and Data Engineering,jv4
j5,7a7dc89b-e1a6-44df-a496-46c330a87840,SN Computer Science,jv5
j6,41dbb273-8d18-4a45-8154-852882a37b34,Genome Biology,jv6
j7,d60da343-ab92-4310-b3d7-2c0860287a9d,Journal of Big Data,jv7
j8,099483df-e8f2-4bee-805d-8a69f07b6cbf,Nature Methods,jv8
j9,b3a217d4-f456-4394-9e5b-b39ab19d1b3e,Irish Journal of Medical Science,jv9
j10,f458795b-af97-4b7c-ba4e-d57bbb57f90a,Chemical Reviews,jv10
j11,c2a5f1b5-0985-40d1-a768-3a736af75f5e,Journal of Surgical Oncology,jv11
j12,4d9ce1c4-dc84-46b9-903e-e3751c00c7dd,Communications of the ACM,jv12
j13,c3875580-2cce-4a95-a094-fff60bb381b9,International Journal of Data Science and Analysis,jv13
j14,3c27e831-750f-45bc-9914-2148a5259eba,IEEE Transactions on Artificial Intelligence,jv14
j15,6fff9d04-a29e-4e37-87e8-27e06da9055c,Journal on spesial topics in mobile networks and applications,jv15
j16,79af09a2-54e8-4f97-8edf-9fba208ab744,International Journal of Digital Earth,jv16
j17,4d899b46-b5c8-436e-8ce3-084673ea8905,Big Data & Society,jv17
j18,1f6f3f05-6a23-42f0-8d31-98ab8089c1f2,IEEE Transactions on Signal Processing,jv18
j19,62924b2a-8fb8-4b93-92c6-735516b49af0,Scientific Data,jv19
j20,7fac555d-41ef-410c-9c84-ed584a9cff7f,Journal of Geographical Systems,jv20
j21,961301b0-6f5a-44a6-9216-54b673cded78,Journal of Statistics and Data Science Education,jv21
j22,17bac89e-3dba-467a-b9d4-71e3baefb08b,Patterns,jv22
j23,bb95bf2e-8383-4748-bf9d-d6906d091085,Proceedings of the National Academy of Sciences of the United States of America,jv23
j24,aa746a02-d187-42c2-bdf9-df6a5d4e648c,Computer/law journal,jv24
j25,27475f31-a1d2-401b-84ad-9b405c7609a8,Journal of Epidemiology and Community Health,jv25
j26,92d34d37-5c4b-4e11-b461-9041b7de4c2d,Philosophical Transactions of the Royal Society of London. Biological Sciences,jv26
j27,349a6ffc-3527-4d3d-aef4-8372fbc1a084,Engineering,jv27
j28,09bb329a-45bc-4561-860f-c8ac0e958895,Ethics and Information Technology,jv28
j29,ee1b24c6-e4e7-4f90-af25-166a9eff8e3a,Small Business Economics,jv29
j30,c0ded351-0e49-473e-816e-23b84c9f8dd3,Frontiers in Environmental Science,jv30
j31,55511511-6974-4037-92a4-aec79ba003fe,Metabolomics,jv31
j32,3fe65a3e-606b-4377-8de1-b3f779646e1e,"Annual review of political science (Palo Alto, Calif. Print)",jv32
j33,d949c7f0-1213-4a16-a6ab-134862369b91,Journal of Library and Information Sciences,jv33
j34,2baad992-2268-4c38-9120-e453622f2eeb,Journal of Medical Internet Research,jv34
j35,bc30f894-9a9c-440e-8420-7bd3c5624384,The Journal of the Learning Sciences,jv35
j36,bf228014-e6ea-4397-96c9-3fd22beb2f75,British Journal of Educational Technology,jv36
j37,e4c9326f-17a0-48c8-85c6-2975945f4395,Journal of Biosciences,jv37
j38,93a7b6aa-3a96-4e75-a837-cbd3660e8a72,Geographical Analysis,jv38
j39,ed4bb98c-600b-477e-9e9a-653127045ec0,CHANCE : New Directions for Statistics and Computing,jv39
j40,70337d1b-fdf7-4fcb-b391-e096feba3748,BMC Medicine,jv40
j41,8b172637-3435-4dd3-a753-5035b814ff39,American Statistician,jv41
j42,5821d52f-e54a-4b02-981a-dd16fec9a115,TOP - An Official Journal of the Spanish Society of Statistics and Operations Research,jv42
j43,da1f558d-7744-4ce7-9b43-0a73f0057985,Journal of Library Administration,jv43
j44,75d7a8c1-d871-42db-a8e4-7cf5146fdb62,Social Science Research Network,jv44
j45,94cf7e5d-ed99-4849-b9b9-17ed670f5e6e,Journal of Social Computing,jv45
j46,fcbcaf18-8ab1-43e1-a973-604bbc7e344e,Proceedings of the VLDB Endowment,jv46
j47,9cf634df-e30b-4e2a-aeb7-84a126ce8861,Chest,jv47
j48,abe20b62-4958-4cfc-a05f-b87f4051f1a9,BioScience,jv48
j49,5619586e-de5a-4bc3-ac80-04dd8530d80c,Nature Biomedical Engineering,jv49
j50,7b2adce0-d53f-49d6-8784-b0645604fe62,ACM Computing Surveys,jv50
j51,329e28c6-84e0-4d75-a58e-ddac24c52d4e,International Journal of Population Data Science,jv51
j52,fbed5c1a-cebb-4bdd-8ca8-022b3bdd9cfb,Ethnicity & Disease,jv52
j53,4293c8e8-8cd7-4be6-b8b2-69f2b4fa3259,Computer Applications in Engineering Education,jv53
j54,789f162c-4b52-4f36-92f2-e19de5c8af8c,Data Science,jv54
j55,b7e5a3b3-2519-4ca2-8870-c2b45ef76ab9,Nature Human Behaviour,jv55
j56,1ec361d9-6d57-4fd4-b0bd-c85044a7e1c3,"Science, Technology and Human Values",jv56
j57,74527bdc-72cb-43a1-837d-5af4a24089b7,Environmental Modelling & Software,jv57
j58,bd7cf538-b981-449d-9e6c-64fa64047126,Philosophy & Technology,jv58
j59,7d2997cd-251d-4613-b0eb-d44a29a52df8,Journal of Data and Information Science,jv59
j60,6c24a0a0-b07d-4d7b-a19b-fd09a3ed453a,Nature,jv60
j61,510b2578-cf47-45c1-b866-c0402df7a780,Japanese Journal of Statistics and Data Science,jv61
j62,c9ec8f1c-d8e0-4555-b6ca-a068b79b1e40,Business & Information Systems Engineering,jv62
j63,0bf2c493-a93b-464a-b3d9-e18fbb4a7965,IEEE Computer Graphics and Applications,jv63
j64,83ff973b-8a0e-4e00-a06a-2cfd9e222de9,PLoS Biology,jv64
j65,b4ddf99b-89f6-42b4-8bbc-9bde693530cf,International Journal of Information Management,jv65
j66,93be7524-e38d-4d5a-b7f1-bb2b08b85275,Data Science Journal,jv66
j67,6b25cc59-3bb5-4b47-819e-d95ba292c4f7,Information systems research,jv67
j68,435bb11d-c0fe-4815-b98e-46c313be8ce7,Journal of Decision Systems,jv68
j69,e2742a49-1b55-4a31-b319-7455fa5e12d4,IEEE Transactions on Services Computing,jv69
j70,dd522c0a-e715-4d95-9ed7-e60346254ddf,Statistics and computing,jv70
j71,71b4e956-03b5-4545-ad85-567b2567ed26,Nursing Administration Quarterly,jv71
j72,7404efea-88b2-4c7c-8cb1-b3a8ced6363f,IEEE Intelligent Systems,jv72
j73,73bffa79-c19d-4df3-99ff-a2d01e3f89ae,Journal of Biomechanics,jv73
j74,c737deea-2a9a-4225-aa20-19a7d1c9c702,International Journal of System Dynamics Applications,jv74
j75,f3b9cfef-ea93-4f7f-a14f-95fbf796875e,IEEE Geoscience and Remote Sensing Magazine,jv75
j76,9ec189b3-db0f-41d8-9c82-21ef5fa9b87e,Frontiers in Genetics,jv76
j77,2a65d17a-afd8-466e-aff3-e0d0fbc84fb0,International Journal of Intelligent Computing and Cybernetics,jv77
j78,e3e1f91c-fe26-4f67-8d15-f7acd8abdf42,Future generations computer systems,jv78
j79,427d3401-f800-43c4-84ad-76e19faa88d0,College and Research Libraries,jv79
j80,93906da2-687f-4184-8437-40998086f409,Nature Reviews Methods Primers,jv80
j81,5bd34b7c-17b3-4080-96c2-50bd51fcab3a,Quantitative Science Studies,jv81
j82,be3f884c-b44a-496a-a593-1cad3f89d254,BMC Bioinformatics,jv82
j83,02b0e95f-1216-4dfe-b50d-fdb87b421ec8,EOS,jv83
j84,8bff20bd-db46-46fa-9cc1-85f4a48942a8,Women in Sport & Physical Activity Journal,jv84
j85,1a624d3a-7238-4368-b208-cdebb1e8ccc8,Nuclear Data Sheets,jv85
j86,28927fa0-8dca-4082-a7d0-abd989c8ef12,Advancement of science,jv86
j87,89854b22-3ed7-4225-a29b-3d9aca5f6b90,Psychological Science in the Public Interest,jv87
j88,8616055e-b299-48e3-8ef3-d3483786063a,Frontiers in Climate,jv88
j89,027ffd21-ebb0-4af8-baf5-911124292fd0,bioRxiv,jv89
j90,7652ece8-fbd3-4050-b927-cf29d7f0eaa8,Astrophysical Journal,jv90
j91,7fb6a536-d19e-4526-8585-8be7b1943478,Science Education,jv91
j92,0535c107-9d95-4d92-8b39-d8eca506d035,Biological Conservation,jv92
j93,849d78f8-8160-4ca1-8cd8-84253f6abdf6,American Political Science Review,jv93
j94,e22bca8b-b989-4c40-9dbc-7b75f8a28673,Comprehensive Reviews in Food Science and Food Safety,jv94
j95,0ab10a19-5aec-4bd0-ba95-d98d85d33643,Ecology Letters,jv95
j96,341d8f49-2ea6-48ef-8053-c49cddebb1e1,MRS bulletin,jv96
j97,b81a92f9-b5d3-48b2-afb5-dacad73fa6d9,MRS Communications,jv97
j98,5cbedab5-cba8-430a-82af-b4d2a683e424,ICES Journal of Marine Science,jv98
j99,f3157ea6-5ef2-47eb-90ca-f81947c40906,Comptes rendus. Mecanique,jv99
j100,b3c3187d-18c6-4d52-8596-9c4f882f647a,Regular Issue,jv100
j101,16c9f9d4-bee1-435d-8c85-22a3deba109d,Physical Review Letters,jv101
j102,8ec18bc5-9c95-446c-a293-735d7ae1e3e9,Perspectives on Psychological Science,jv102
j103,70628d6a-97aa-4571-9701-bc0eb3989c32,IEEE Transactions on Geoscience and Remote Sensing,jv103
j104,f59506a8-d8bb-4101-b3d4-c4ac3ed03dad,Science,jv104
j105,f80a2e54-1332-48bf-9634-4b2f77fca809,Data Intelligence,jv105
j106,d66cff25-03a5-432c-b3c8-fbdc87233070,Methods in Ecology and Evolution,jv106
j107,da96c220-cd39-4894-bae6-d2d77c8e7aa9,Nucleic Acids Research,jv107
j108,36d2be9e-7824-4614-a901-dd808a6e2e49,Social Science Research,jv108
j109,58668f21-815a-4b30-af06-ced21bfb2fa6,Earth and Space Science,jv109
j110,96c1b36d-3833-4ec5-8806-48b8a93f901d,Scientometrics,jv110
j111,5218cd8f-e9a8-4825-8fcf-ffab8230c857,Public Understanding of Science,jv111
j112,9efb20cf-7484-450d-8245-12dfbf639d3e,Environmental Science and Technology,jv112
j113,3418dc73-cff9-4be2-882e-5014f80264c1,Behavior Research Methods,jv113
j114,de65147c-93c3-463a-a8b3-ecf04051fd1a,Astronomy & Astrophysics,jv114
j115,43d8ff46-e680-4c40-84dc-a8f86d3f559b,Cambridge International Law Journal,jv115
j116,3286b810-5251-4142-a03d-c7c20b90fd89,Clinical and Translational Science,jv116
j117,e739a034-cba8-40e0-acd3-6ee2a22c62e0,Earth-Science Reviews,jv117
j118,5e19119a-7591-4c54-8255-61a8db3575d5,Review of Economics and Statistics,jv118
j119,90b0ab9d-99a4-4572-b8e0-b404e618873d,International Journal of Exercise Science,jv119
j120,5ed9f470-65a3-4077-8dab-163b0c5cb9e6,Artificial Life,jv120
j121,43b3f0f9-489a-4566-8164-02fafde3cd98,Nature Communications,jv121
j122,17c57465-210d-4f43-a033-59d25938d6b6,American Journal of Political Science,jv122
j123,f9ed10b1-8312-414e-a948-49bbffb263bf,Ambio,jv123
j124,8e7d91d2-bc50-4bc6-8350-1bd4b4fdab9b,Medicine & Science in Sports & Exercise,jv124
j125,2115dc5e-9318-4ae7-b64c-0948fd079390,Environmental Reviews,jv125
j126,883c4931-50cd-44e1-a9cb-06b9f8a104a5,EMBO Reports,jv126
j127,b08588b2-9ba8-4469-a6d4-f0b88977b64f,Journal of Evidence-Based Medicine,jv127
j128,9eb2f5b8-afd8-467c-afe3-a65fd0a13773,Political Science Research and Methods,jv128
j129,e11b7956-33a9-4065-932c-790ac67efcd1,Space Science Reviews,jv129
j130,171758eb-39e1-4665-a00d-dd65ec7d465e,Political Analysis,jv130
j131,07a1179a-6cc7-4fad-b1f1-783a66be9a1a,Conservation Biology,jv131
j132,19c7a16a-8ffe-45d4-863e-7e1cc8a78b4d,Statistical analysis and data mining,jv132
j133,7b19fb63-6e4e-4972-bd80-9e2b17941c95,Royal Society Open Science,jv133
j134,ee2dd599-75c3-4b69-b970-053972631b37,Big Data Research,jv134
j135,0aed7a40-85f3-4c66-9e1b-c1556c57001b,PLoS ONE,jv135
j136,63f2d4cb-31e9-465e-a09f-a48b034b7210,EURASIP Journal on Advances in Signal Processing,jv136
j137,142347a8-a3f6-4ce4-bc56-09bc8fc9461d,Frontiers in Medicine,jv137
j138,48dc0292-18d9-4ef1-ae2e-ee6b4a22dc0b,Publications of the Astronomical Society of the Pacific,jv138
j139,a1b87795-fe1f-4a43-bc4b-97b90f5bc75b,Sociological Methods & Research,jv139
j140,dc6419f3-98b3-4718-bba0-6b6d6c3d192b,JMIR Medical Informatics,jv140
j141,3687b41d-efd9-4e36-9cc1-0a6d6596b266,Applied Physics Reviews,jv141
j142,09a61721-0363-4426-9f33-3c4c8580b890,Sustainability Science,jv142
j143,2a815c92-821c-4932-b60c-7785ee69acb0,Annals of Data Science,jv143
j144,3567d187-af59-4171-97a3-abc4d6beb1bf,"Marketing science (Providence, R.I.)",jv144
j145,a990ee76-444c-4bda-b714-df4dad0efa5d,Psychology Science,jv145
j146,969f020f-55f8-4f57-9d3a-61542e237f8a,Immunologic research,jv146
j147,982ee153-9191-4993-89ff-b61eb14cdfcb,Astrophysical Journal Supplement Series,jv147
j148,f99f77b7-b1b6-44d3-984a-f288e9884b9b,Scientific Reports,jv148
j149,76ab3377-0a5b-4243-9b06-e2eede0f20de,Trends in Ecology & Evolution,jv149
j150,0a8df943-e5dc-4a57-b26f-ca35e4e09a97,SIAM Journal on Mathematics of Data Science,jv150
j151,1196488a-e9f3-43c5-84ae-d934dd84ccbf,Prevention Science,jv151
j152,2633f5b2-c15c-49fe-80f5-07523e770c26,IEEE Access,jv152
j153,e6bfdcb4-2a51-40d0-bba8-df275f223711,The VLDB journal,jv153
j154,be0ad9ff-aa43-4af1-b3b5-4a41c9f81cb0,Datenbank-Spektrum,jv154
j155,73bf3963-6938-4ad9-8c87-3219076ef80f,i-manager's Journal on Cloud Computing,jv155
j156,2f5d0e8a-faad-4f10-b323-2b2e3c439a78,Lecture Notes in Computer Science,jv156
j157,86aa7a26-a67a-4834-a2f2-1f9a941aff79,Journal of Industrial and Production Engineering,jv157
j158,5cfd7427-4628-4dbe-999a-d4802552a21d,Key Engineering Materials,jv158
j159,e4866174-bf20-4fac-a8e3-2f02202f3cd8,Computers and Chemical Engineering,jv159
j160,f9c1272f-e8c2-4e8c-bdae-fc9c2bb2cb85,Archives of Computational Methods in Engineering,jv160
j161,8a0980bd-6267-402d-9632-54bdf4f38379,Journal of Medical Engineering & Technology,jv161
j162,119227a6-1b94-433e-a52d-8445a387dbbe,IEEE Software,jv162
j163,722543dd-21f3-4b3c-941b-1045b173ec51,Nature Reviews Materials,jv163
j164,cb38a4ef-49af-4068-b009-fa12761253f0,Annual Review of Chemical and Biomolecular Engineering,jv164
j165,aabd4314-5af1-4ee4-af7e-a012aade1650,Bulletin of Earthquake Engineering,jv165
j166,01344f52-6324-42d8-8a68-e00bf2e00ce6,Journal of Chemical and Engineering Data,jv166
j167,501d412d-8d7a-4980-ae5b-6639fe31aee2,First Monday,jv167
j168,db36cc4c-07df-41a8-9169-9ace7e520923,Nature Reviews. Cancer,jv168
j169,db4b98e5-3f60-4140-b07c-7b9d73023183,Annual Review of Fluid Mechanics,jv169
j170,c99cfe66-b71c-4ca4-bedd-26267b9cb068,IEEE Transactions on Software Engineering,jv170
j171,e0dbf116-86aa-418d-859f-a49952d7e44a,Transactions of the Association for Computational Linguistics,jv171
j172,0730105a-4941-449f-9450-28cba8ae056b,ACM Transactions on Software Engineering and Methodology,jv172
j173,25248f80-fe99-48e5-9b8e-9baef3b8e23b,IEEE Transactions on Pattern Analysis and Machine Intelligence,jv173
j174,086b0aef-7d17-4f72-8dc3-22252e8a5201,Acta Numerica,jv174
j175,2e2fed97-17e5-488e-9efa-833a387a842d,IEEE Internet Computing,jv175
j176,1a9e7b2f-006f-4b8a-9d95-594c1f36e68a,Earthquake spectra,jv176
j177,8664a0b8-3299-4a1d-9df4-01cbfb1ed679,Computers & industrial engineering,jv177
j178,9abcecc2-be15-4a05-9b21-dda38f5a8161,Data & Knowledge Engineering,jv178
j179,e123355e-3351-4903-8f27-7d1121bf76d3,Bulletin of Engineering Geology and the Environment,jv179
j180,c3e5f1c8-9ba7-47e5-acde-53063a69d483,Future Internet,jv180
j181,f62e5eab-173a-4e0a-a963-ed8de9835d22,IEEE Signal Processing Magazine,jv181
j182,f0cc4e02-d867-4924-88bd-97dd3580ee17,Concurrent Engineering - Research and Applications,jv182
j183,a8bb8488-3e7d-4741-baad-24cc574b5336,Innovations in Systems and Software Engineering,jv183
j184,c16064f2-6ce5-4d27-a13c-4f9a0210ceb6,Journal of computing in civil engineering,jv184
j185,6faaccca-1cc4-45a9-aeb6-96a4901d2606,Proceedings of the IEEE,jv185
j186,4fc76374-5a11-4db5-9854-03066e38c35c,Open Engineering,jv186
j187,f528e58c-0e4e-45b0-9456-832847244f0e,Empirical Software Engineering,jv187
j188,2bdcd966-6d92-4d55-b1a7-21d3f6933a2a,Journal of Tissue Engineering and Regenerative Medicine,jv188
j189,7cee6583-4bbf-4d20-984b-de35257cb08a,Frontiers of Engineering Management,jv189
j190,3b4e0d11-3211-4ead-848c-99928b5ef30e,IEEE Network,jv190
j191,ec497fa8-833a-4d68-873a-539c20989c22,Advanced Engineering Informatics,jv191
j192,6277ecc4-aad6-4158-be73-71bd7769430d,Journal of Synchrotron Radiation,jv192
j193,bb27e645-e57c-42c3-bcbc-c7b443c58209,Nature Genetics,jv193
j194,55947a97-0857-446c-ba4d-95fcaf7271e6,Tissue Engineering. Part A,jv194
j195,4e5cb97d-ea4b-4096-a3a7-7e57677a366d,IEEE Transactions on Learning Technologies,jv195
j196,3da56ce6-4a70-402c-a8b0-7dd39a3273d3,"Software, Practice & Experience",jv196
j197,33092303-6879-4bbc-96b9-eab10cc8ac1b,Biomedical Engineering Letters,jv197
j198,6d4c59ac-2a12-4855-be38-f10050b57b43,Environmental Science,jv198
j199,7211ceb6-7c4e-4c07-a0a0-898e76569d71,European Journal of Engineering Education,jv199
j200,05f07129-5526-4754-baa0-d919347a6089,International Journal of Digital Curation,jv200
j201,c22e7c36-3bfa-43e1-bb7b-edccdea2a780,Journal of machine learning research,jv201
j202,2ac50919-507e-41c7-93a8-721c4b804757,IEEE Transactions on Neural Networks,jv202
j203,3946d470-e4e4-4fbb-84bc-b08e208f0cc0,Journal of Global Optimization,jv203
j204,31a43b33-fe59-43c8-8027-58b6a6298bd9,Journal of microelectromechanical systems,jv204
j205,dcc71bf1-b117-4dfa-8438-cbf5efdf7aa1,Microbiology and Molecular Biology Reviews,jv205
j206,f6572f66-2623-4a5e-b0d9-4a5028dea98f,Computer,jv206
j207,ea6f8e73-16d8-4fe3-84e3-d8e396737c19,Management Sciences,jv207
j208,477368e9-7a8e-475a-8c93-6d623797fd06,Multimedia tools and applications,jv208
j209,ba560e30-4944-4dde-ac86-d977062fe0c5,ACS Synthetic Biology,jv209
j210,a1b15bc8-157e-45a9-b4c8-8211f938775d,IEEE Communications Magazine,jv210
j211,1ee52b4c-8c57-4d60-aead-d9ef4255f1e9,IEEE Transactions on Automation Science and Engineering,jv211
j212,d263025a-9eaf-443f-9bbf-72377e8d22a6,Data mining and knowledge discovery,jv212
j213,899831a7-9af2-403b-b185-fa56c8634454,IEEE transactions on engineering management,jv213
j214,f44976b5-2cb9-402a-bc59-6a174239987b,Nature reviews genetics,jv214
j215,d0418d89-4399-4075-8bea-91bda7465d80,Optimization and Engineering,jv215
j216,ca4b3aef-bda7-47fe-b7e5-4f9cd6cb1947,Technometrics,jv216
j217,7bb2b6aa-8682-44b5-99c3-dee7643f795a,Journal of Biological Engineering,jv217
j218,74354a44-4ffc-4c14-b0f4-f5dde6c5b730,Annals medicus,jv218
j219,ff159887-5591-495e-8a29-710e87e64127,International Journal of Production Research,jv219
j220,d029f971-f74c-41ca-8373-1b713414c797,Journal of Computing and Information Science in Engineering,jv220
j221,2e5b2b9d-b39f-4cf0-ae86-4c9ff4011524,Nature Reviews Microbiology,jv221
j222,7c9d091e-015e-4e5d-a11f-9bc369fcf414,IEEE Transactions on Parallel and Distributed Systems,jv222
j223,fe9174dc-ba90-4d03-929c-4edaf60d2a64,Requirements Engineering,jv223
j224,531857f6-9939-49ce-8fd7-06ca92a6a921,Journal of Systems Science and Systems Engineering,jv224
j225,3bff011d-f05b-46ec-b123-beabcc2a1ba5,Molecular Systems Biology,jv225
j226,bc2801b8-b059-4ee4-be9a-cd1943f45bf3,Information Systems,jv226
j227,bf4f3691-52d9-45ed-8507-6ace40c604d4,International Journal of Information Quality,jv227
j228,b13c1aa5-5899-45c8-9d9b-e8c213fdc308,Computational Geosciences,jv228
j229,c43b45aa-3d1a-46b5-a46c-0671bd304156,Journal on Data Semantics,jv229
j230,5b12c785-cf12-40ca-b4d1-aefd13b26e39,Intelligent Data Analysis,jv230
j231,018e5d9a-423b-4eb6-a175-9058b4a65736,International Journal of Data Analysis Techniques and Strategies,jv231
j232,39da5af4-7f26-4cc8-8363-968068328ded,Biotechnology Journal,jv232
j233,68f20e73-515e-4c73-9cd5-5684926b45f7,IEEE Journal on Selected Areas in Communications,jv233
j234,d406a3f4-dc05-43be-b1f6-812f29de9c0e,IEEE Transactions on Information Forensics and Security,jv234
j235,406c7503-3428-45f4-97b8-d2930b1b9e22,Journal of Applied Probability,jv235
j236,3a0340a2-0804-47d7-9734-55aad610ead1,Journal of Aerospace Computing Information and Communication,jv236
j237,821c6dd5-6b19-4a77-914d-a1cb54aec96d,Critical Care Medicine,jv237
j238,1236e136-01b7-42d5-8c4a-593153a3ab37,Journal of Open Source Software,jv238
j239,0cc484fd-832a-417b-9c05-01adc7f7c74f,Molecular Plant,jv239
j240,40d6d72b-fb7c-4fa0-98c0-2f72f340fed4,Iraqi Journal for Computers and Informatics,jv240
j241,50d67c12-b49a-4957-963e-92cfbb2a86a2,Harvard Business Review,jv241
j242,100ffd12-b334-4f02-826b-8ac408e7df49,International Journal for Research in Applied Science and Engineering Technology,jv242
j243,5faaa538-f6a0-4867-b6f9-c0dedc4fd2de,The Information Society,jv243
j244,69c55941-42d0-4d07-bc3f-9a98c51b8fe7,The International Journal of Advanced Manufacturing Technology,jv244
j245,5dc79bde-acf4-4b60-b7ad-5bb769def869,The Review of financial studies,jv245
j246,228761ec-c40a-479b-8309-9dcbe9851bcd,IEEE Internet of Things Journal,jv246
j247,fa8d1257-1eac-4ab9-a703-8b639ab83c3d,British Journal of Management,jv247
j248,fa31ff53-6717-46c5-934d-9f21c27f96ba,Big Data Mining and Analytics,jv248
j249,85a69b03-d2bf-4387-bc2f-98b2fe823b23,Enterprise Information Systems,jv249
j250,9e995b6d-f30b-4ab4-a13b-3dc2cc992f47,Nature Network Boston,jv250
j251,ccd6a358-7326-42a7-95e5-bd515c9b5e6c,Management Decision,jv251
j252,2d566e52-4ac0-4cfe-ad58-646e5d26e286,Annual Review of Pharmacology and Toxicology,jv252
j253,f22e1b5b-b6d7-45c1-a31e-40ebea2fd729,Review of Research in Education,jv253
j254,e46002a1-d7a6-4681-aae9-36bc3a6a1f93,Information Sciences,jv254
j255,4bb62465-2dd3-4eca-923f-4649b9dea666,The Lancet Oncology,jv255
j256,48fabb98-feb7-4ad6-a81c-bb2f9a779eb2,Cities,jv256
j257,f1cd35f5-674c-4432-8d98-39515dc35220,"International Journal of Minerals, Metallurgy, and Materials",jv257
j258,2135230a-3b24-4b71-9583-60624389377a,IEEE Transactions on Industrial Informatics,jv258
j259,99b00e0c-56b4-4079-91b7-0fa64b30b1ca,Gut,jv259
j260,9cc701cf-1f49-4121-8ea9-11bac24d61ad,IEEE Transactions on Big Data,jv260
j261,247cac2c-d387-4a11-acb8-59fcae2e52b0,American Journal of Epidemiology,jv261
j262,22d4d854-0529-4aaa-ab6c-12a2e6895428,Contemporary Sociology,jv262
j263,b027d622-9782-46a0-8943-37943decc4f8,Television & New Media,jv263
j264,da769d11-3534-4eb1-ae4a-ebe85bc80478,Journal of business research,jv264
j265,95d0dda7-5d58-4afd-b59f-315447b81992,IEEE Communications Surveys and Tutorials,jv265
j266,6ce750f8-2625-40c2-a456-985b0f5f671c,International Journal of Obesity,jv266
j267,88c80a98-d314-4d37-89c7-2a709d1465b4,International Journal of Big Data Management,jv267
j268,ede7e9cc-1657-47d5-bcf1-1ca3b056bf9d,Journal of Management Information Systems,jv268
j269,95308966-10a0-4b50-b00f-f130a37f7d3c,Journal of Cleaner Production,jv269
j270,dc31f077-7737-4e33-baa3-bceeff44ec27,New England Journal of Medicine,jv270
j271,373ee421-9890-40bc-87d7-59518033a715,Environmental Research Letters,jv271
j272,ea8553fe-2467-4367-afee-c4deb3754820,Artificial Intelligence Review,jv272
j273,ef1356d5-69c7-484e-a110-3efae1e93ecc,IEEE/CAA Journal of Automatica Sinica,jv273
j274,8270cfe1-3713-4325-a7bd-c6a87eed889e,Entropy,jv274
j275,5eb1fac4-44ea-4270-b31e-3fb4dd8247cb,Technological forecasting & social change,jv275
j276,435ffef1-21df-491d-b69a-605eee1b7f7f,Computers in Human Behavior,jv276
j277,cfba4c02-99bc-4eb2-99f8-6dc5361891af,Tourism Management,jv277
j278,38637b62-4047-4fcf-96c9-e7756a775739,Information Systems and E-Business Management,jv278
j279,652ebba2-a6f1-4326-8075-b04c65ab304e,American Sociological Review,jv279
j280,38a8edf0-2998-4daf-93f7-16f34689e228,IEEE Systems Journal,jv280
j281,8775599f-4f9a-45f0-900e-7f4de68e6843,Sustainability,jv281
j282,97033a25-f03c-4ad0-aef7-a1ff724d264d,Science and Engineering Ethics,jv282
j283,3945ce8c-fa3e-49e3-a723-2c96a64da989,GeoJournal,jv283
j284,afe1e422-be11-407c-b015-42ce93aac874,IEEE transactions on consumer electronics,jv284
j285,06afdd0b-0d85-413f-af8a-c3045c12c561,Information Fusion,jv285
j286,d49d1529-c7d5-4c86-8c1a-0c052de876a4,Journal of strategic information systems,jv286
j287,894b1202-d279-49e2-9809-a2a20d8903b1,Current Opinion in Biotechnology,jv287
j288,5d2ac1a1-1fcd-4505-8b9d-5484ad5ffa66,Journal of King Saud University: Computer and Information Sciences,jv288
j289,e02556fc-b810-416f-9564-71d4190e0473,Journal of Computational Information Systems,jv289
j290,bb6fa91a-0a4c-40f8-80a2-93ceb3ae3bd4,International Journal of Contemporary Hospitality Management,jv290
j291,80fdf70e-8520-4bb7-b387-3abebc9970b7,Computers and Electronics in Agriculture,jv291
j292,adda3809-3ea0-4184-8021-182f78a9558b,Information Manager (The),jv292
j293,05ef40b5-adc2-4605-85d8-20a457888264,Kidney Research and Clinical Practice,jv293
j294,df12d289-f447-47d3-8846-75e39de3ab57,Neurocomputing,jv294
j295,8b03733e-25e3-49b5-803c-58c0e9e11180,Annals of Applied Statistics,jv295
j296,0afaa6a1-50d0-488d-acc8-13637b573b5b,Energy Informatics,jv296
j297,641e5cdb-8620-434d-9779-cb9bcf16cd93,Annual Review of Public Health,jv297
j298,e18027ea-e736-4e3a-b7c3-ae50667d79f5,Journal of Integrative Bioinformatics,jv298
j299,0defaf4a-44d7-4ee8-b512-10d8532adcc9,Annual Review of Resource Economics,jv299
j300,44a8affe-ff49-4c97-915b-0e4378776101,International Journal of Emerging Technologies in Learning (iJET),jv300
j301,55699d01-98b3-4582-a9a1-579cb68d31c9,Journal of Management Analytics,jv301
j302,3096eb5c-d18c-4877-94cd-28edd3a9c357,International Journal of Environmental Research and Public Health,jv302
j303,9ff88422-6027-4eae-bdca-9cb3d07e79b8,Journal of the AIS,jv303
j304,2e8c30d0-78f6-4b13-aecb-9a65bff00635,IEEE wireless communications,jv304
j305,b63afa0b-108b-4881-994b-346567e4bf62,Healthcare Informatics Research,jv305
j306,d3dd5449-daa1-4d57-9412-9add6037584f,Frontiers in Public Health,jv306
j307,21b370ff-cb87-4599-b39a-25cd5a1b03cb,Electronic Markets,jv307
j308,37f5b9b7-f828-4ae1-a174-45b538cbd4e4,Information Processing & Management,jv308
j309,7a61412a-9a9a-487d-9613-5a1fbd879c9d,Neuron,jv309
j310,3048b449-a773-4256-9bb5-5e61fbb61e52,British medical journal,jv310
j311,e97b6537-a7e6-449e-b131-18cdc4def33e,Economics of Innovation and New Technology,jv311
j312,2e70cc37-125a-451c-b9bb-3b329f6be510,Annals of Operations Research,jv312
j313,9f2d654c-c16c-46ce-8e82-9afcfab01f76,Journal of Integrative Agriculture,jv313
j314,ca61b508-d706-40a4-8b54-d657dd6cd9d6,ACM Transactions on Knowledge Discovery from Data,jv314
j315,7c832ea7-321d-4d93-bbaf-281e9d6649d7,IEEE Transactions on Biomedical Engineering,jv315
j316,2c7ed123-ef0e-4d9f-83ec-3cb8d6fbe9a2,Journal of Accounting Literature,jv316
j317,42af0896-7bcc-4002-8d09-63fd18f13f53,Journal of Internet Services and Applications,jv317
j318,c52375db-5573-406f-a12b-854c7ba98498,BioMed Research International,jv318
j319,0e3009e5-bbbe-4cf5-b44c-61fa315c137f,Vikalpa The Journal for Decision Makers,jv319
j320,b69f6266-541f-451d-82fe-328b72076cf2,Policy sciences,jv320
j321,8506a01a-40b8-4e6f-bbb8-ce2492139c15,International Journal of Molecular Sciences,jv321
j322,5ed06dcb-b965-4071-a8b6-2867794825a1,Global Journal of Flexible Systems Management,jv322
j323,38a3ba3f-f532-4ba9-a866-a020c30650a9,Journal of Knowledge Management,jv323
j324,855d4173-dc30-48dc-96c2-42a5b6372940,IEEE Transactions on Emerging Topics in Computing,jv324
j325,c192003b-48dd-45d7-b737-5ff93540aca3,Journal of Industrial Information Integration,jv325
j326,05f4640f-1261-4186-8153-0cb50b1169b3,Journal of Chemical Theory and Computation,jv326
j327,3c497f14-18a8-43f7-835c-06272cacfb47,Nature Reviews Cardiology,jv327
j328,c1ad6952-f4b0-4b01-9473-34375de7db8f,Health Affairs,jv328
j329,8a339d82-a3aa-4421-8fb4-94effc07509f,Journal of Information and Technology,jv329
j330,1f55639d-134e-44ae-b050-ccf2a6676bc5,Knowledge and Information Systems,jv330
j331,ede12bac-98d4-4fd6-823d-e8a6c578a52d,AIP Conference Proceedings,jv331
j332,67d58c4e-2829-40b8-bce5-4daddb299da1,Quality and Reliability Engineering International,jv332
j333,e81d1e0a-38f9-4519-8a43-f5eb2a934efc,BMC Medical Genomics,jv333
j334,80d65c2a-75d2-4eeb-9aff-622dfa7888b0,The Journal of Information Systems,jv334
j335,fe62068f-ff53-47fb-9ce7-8ec2495ad6c1,Information Systems Frontiers,jv335
j336,eac74c9c-a5c0-417d-8088-8164a6a8bfb3,IEEE journal of biomedical and health informatics,jv336
j337,b7a6fa65-f658-4ac0-ad99-3ba082b8bad8,Information Systems Journal,jv337
j338,3235a2bb-118f-4abc-9046-80342279a154,Industrial management & data systems,jv338
j339,8d081599-bd1b-4e77-8db6-d4ad0977e655,Foundations of Science,jv339
j340,3c8f4cec-a435-421a-b301-785e136e65e5,Journal of Infectious Diseases,jv340
j341,7e0547d5-ec21-470f-bdc9-b7615fc83a29,Data Science and Engineering,jv341
j342,1c2f3998-b5ca-48ca-9991-94b71c71ecb7,IEEE Transactions on Smart Grid,jv342
j343,2c469df0-fa01-4dee-8f25-0d87a6fc4ef1,Proteomics,jv343
j344,3e81e683-06a3-47b2-8849-f098724b4fe6,Journal of International Humanitarian Action,jv344
j345,bca882ff-4259-4fb4-a778-5a7f4d82887c,Information Technology & Tourism,jv345
j346,f5f83c44-f523-4c3f-80f5-ffb4bae34701,Statistics and its Interface,jv346
j347,79ddd452-3c10-473b-9f28-5c7dd0dc4553,International Journal of Systematic and Evolutionary Microbiology,jv347
j348,ebb34bf6-eb0a-4d70-81fc-53360c4c20b3,Cell Systems,jv348
j349,e66d27b6-cdf4-44e9-9420-52fe00567139,The International Journal of Life Cycle Assessment,jv349
j350,89f81207-2335-4d39-8422-919955037191,Acta Crystallographica Section B Structural Science,jv350
j351,164cf9d6-c9e8-41f0-b15d-00fa34cb4bd1,Analytical Chemistry,jv351
j352,a7d48414-e40b-4441-829e-d9a349bea6fb,Journal of Molecular Biology,jv352
j353,d10bf495-9155-454f-be8e-490180513492,Mobile DNA,jv353
j354,643a31e6-3016-4604-beca-0edfc0e2a834,Applied and Environmental Microbiology,jv354
j355,fbdeb2fb-ac8a-49ee-a405-19f76371141b,IEEE Engineering in Medicine and Biology Magazine,jv355
j356,fd4675fe-4136-446c-aefd-3658aae698ac,Journal of Cheminformatics,jv356
j357,a88e2a6c-903f-42e1-8dfc-f2547e32020a,IEEE Transactions on Affective Computing,jv357
j358,939ee07c-6009-43f8-b884-69238b40659e,International Journal of Computer Vision,jv358
j359,3f16aef5-6b9f-4f87-baca-cbf8147e352f,Journal of Chemical Information and Modeling,jv359
j360,6fdeda46-9d42-4591-a065-6d21c4986a89,Cytogenetic and Genome Research,jv360
j361,7dda5bd1-752f-45e5-bc7b-09633096916e,Language Resources and Evaluation,jv361
j362,9d1e9467-890b-44c6-92c4-5d604973af84,Journal of Biomolecular NMR,jv362
j363,6cc36eeb-d056-42c4-a306-7bcb239cc442,Image and Vision Computing,jv363
j364,8dcbaea5-3cdb-48b3-9f93-45c12ca1bb91,BMC Genomics,jv364
j365,09246bed-4d95-4656-9c5b-5ce1b3074cb3,Plant Physiology,jv365
j366,5e329303-0790-4991-832f-dd8a737ec6fb,Signal processing. Image communication,jv366
j367,7bcfec9d-4ece-43ad-8a9f-b653e1b3ec4e,Systematic Reviews,jv367
j368,4e90b61b-3ae1-4b4c-9348-d67a3825e703,Medical Physics (Lancaster),jv368
j369,4927fc60-c4fd-4482-a987-8ce831e407cc,JAMA Oncology,jv369
j370,137f4fd6-2e4e-486f-9046-1e37e4301c91,Immunogenetics,jv370
j371,5e1f6444-5d03-48c7-b202-7f47d492aeae,IEEE Transactions on Visualization and Computer Graphics,jv371
j372,c999d5bf-6e3d-40df-a5a0-d32a59714a2d,RNA: A publication of the RNA Society,jv372
j373,7a0fa873-9493-466e-aaf2-2eeb6a4d41f2,Antimicrobial Agents and Chemotherapy,jv373
j374,b5aaa937-18c7-4a65-84a1-52713f6080fe,Global Change Biology,jv374
j375,c68dc5a1-06e8-4c33-a6bd-1cbf7d2c7ff5,Biocontrol News and Information,jv375
j376,956bc149-0711-4d69-bb43-d462859b6f1d,Therapeutic Drug Monitoring,jv376
j377,b51ebc17-99ea-48ba-9271-1074f526a9a1,Human Mutation,jv377
j378,aab03e41-f80d-48b3-89bd-60eeeceafc7d,ACM Transactions on Graphics,jv378
j379,4e6d067b-67a9-4c4c-886f-9ae510c6df38,Accounts of Chemical Research,jv379
j380,aaf4c77b-c663-4009-862d-da25e19dfed2,Journal of Human Genetics,jv380
j381,0f9e8bfc-fdfb-402f-bb26-c23177ec102a,Pharmacoepidemiology and Drug Safety,jv381
j382,46722266-4327-4a22-871d-5a9fe3c5ad0c,International Journal on Document Analysis and Recognition,jv382
j383,795999c5-a1ee-4c35-a6c8-7901212c798c,Plant and Cell Physiology,jv383
j384,122c0867-01c1-4ac7-b8a5-998cc5a278e2,Academic Radiology,jv384
j385,8baa4515-fac4-4b34-be0d-49385d586277,"Proteins: Structure, Function, and Bioinformatics",jv385
j386,39fbefa9-1bb7-44ef-ab6a-18458e77cb8f,Novartis Foundation symposium,jv386
j387,b482a99f-ef53-4694-aec6-32ad78e0d716,BMC Cancer,jv387
j388,3010f82b-3d11-40b5-ab28-f956fb2c4cc6,"Behavoir research methods, instruments & computers",jv388
j389,e35a87a3-a6c4-47bf-acca-3e615ddb9c58,ACM Transactions on Database Systems,jv389
j390,a7abfa95-0b9f-4416-9cd2-3271591663d2,British Journal of Cancer,jv390
j391,d148a331-a75b-4289-81bd-0686aab60bdc,Journal of Applied Crystallography,jv391
j392,a1eabcca-9d3f-45ac-bb78-c024734a2b68,Genome Medicine,jv392
j393,b5b6ba6d-5b59-4229-9b9d-6e8b87e8e857,Springer Netherlands,jv393
j394,e26133f2-2f02-4bc5-a3ad-26bdbdc9636c,Trends in Genetics,jv394
j395,7270e188-d479-4233-b457-1d07288baaef,Journal of chemical information and computer sciences,jv395
j396,3b9c2af9-8503-4d14-a0de-af5ba0143ed2,PLoS Medicine,jv396
j397,1e7039c8-e30c-4af0-b7d3-f5e05dff5d21,Methods in Enzymology,jv397
j398,2018b690-8eab-42c2-8397-9d67983f7a69,Biophysical Journal,jv398
j399,d29d1bb6-4b95-4ab8-b0f7-18b109ee7d07,Environmental Health,jv399
j400,e92d0adf-ffa5-49b2-90bf-5dede4af11c5,Epilepsia,jv400
j401,4cce60a8-2106-4240-bece-fb6488df6bd1,Journal of Medicinal Chemistry,jv401
j402,47464297-4c88-44d5-9112-53a865e99be5,Applied Optics,jv402
j403,12db5cb6-3a5a-45ec-be9f-49e77bfe4401,Journal of the Operational Research Society,jv403
j404,286fc244-bdbc-4806-9482-8c6763fcb68b,Journal of Applied Psychology,jv404
j405,caa40e38-b2fa-4ae1-abad-932c1cac8e68,Journal of Economics and Management Strategy,jv405
j406,17454a5b-d145-4cfa-9206-62cbdff156a3,Journal of Business Ethics,jv406
j407,3f10ca11-b4da-41fa-960f-e34af7a16047,Industrial Marketing Management,jv407
j408,8f0aa06e-7cb9-456d-bff5-49c3b714a3df,Journal of Business Venturing Insights,jv408
j409,465b7a1b-d0d7-47b3-9a3e-641b10197cdf,Business Horizons,jv409
j410,f55d084f-66df-4f19-8cd9-dfeeb5d64fd9,Journal of Political Economy,jv410
j411,9ac43e83-e3b6-4ad1-8e77-33821f2ee48c,Business Strategy and the Environment,jv411
j412,3274db3c-c2c8-4c41-b824-5d52a45f62a1,Journal of Economics and Business,jv412
j413,d596b3eb-8fa0-4283-b5d7-8f1d32dd42cd,The Veterinary Record,jv413
j414,bb2109e3-dbea-40f7-8bf4-67a5ef512a18,Peer-to-Peer Networking and Applications,jv414
j415,c69dceb7-f0fa-4ccd-8d08-b7491423cfbd,Thunderbird International Business Review,jv415
j416,9a5038a7-c61f-43c4-bdaa-f99ab5f72724,Journal of Small Business and Entrepreneurship,jv416
j417,f5693ee6-844f-4cd4-847e-0d1467b2deb3,Journal of International Business Studies,jv417
j418,d0ca30fa-58a2-4a67-af79-b9bc09e3bbe0,Journal of the Knowledge Economy,jv418
j419,0f03345a-253c-41cf-8d97-084627533f8e,Business Ethics Quarterly,jv419
j420,335b25fb-0de3-47b4-8875-e1d2e0d3be59,Family Business Review,jv420
j421,ec1811bb-cfb8-4948-9305-4e376687613e,World Politics,jv421
j422,957c0207-426a-4efe-9e79-8e84b9cd58bd,Journal of African Business,jv422
j423,144f954e-be01-47cf-8a42-022534bab40e,European Journal of Information Systems,jv423
j424,1e07c289-2f48-4e53-952a-2774c8173782,Business Process Management Journal,jv424
j425,74b0478a-292c-4fe3-bb2f-71f438f00cc7,Nature Reviews Neuroscience,jv425
j426,99238fc0-d403-4a68-b8ab-42c87b78ac66,IMF Economic Review,jv426
j427,518d38cf-179f-480b-b32a-c9d4e6bba46e,Informatik-Spektrum,jv427
j428,0acd87e7-c1b4-434a-955a-c26983a4b9f4,European Journal of Operational Research,jv428
j429,28979129-e5d0-4f2b-b141-a51a1c319d17,NBER macroeconomics annual,jv429
j430,7bf8fd30-543b-48f6-bb8a-8c518006bdd2,IEEE Data Engineering Bulletin,jv430
j431,df25596b-1ba9-416f-bc8f-9f17eb0fc45c,The Journal of Entrepreneurial Finance,jv431
j432,2085d930-2944-4d5b-8cfb-6d4ff288cc8a,IBM Systems Journal,jv432
