proceedingId,proceedingName
cp0,proceeding0
cp1,proceeding1
cp2,proceeding2
cp3,proceeding3
cp4,proceeding4
cp5,proceeding5
cp6,proceeding6
cp7,proceeding7
cp8,proceeding8
cp9,proceeding9
cp10,proceeding10
cp11,proceeding11
cp12,proceeding12
cp13,proceeding13
cp14,proceeding14
cp15,proceeding15
cp16,proceeding16
cp17,proceeding17
cp18,proceeding18
cp19,proceeding19
cp20,proceeding20
cp21,proceeding21
cp22,proceeding22
cp23,proceeding23
cp24,proceeding24
cp25,proceeding25
cp26,proceeding26
cp27,proceeding27
cp28,proceeding28
cp29,proceeding29
cp30,proceeding30
cp31,proceeding31
cp32,proceeding32
cp33,proceeding33
cp34,proceeding34
cp35,proceeding35
cp36,proceeding36
cp37,proceeding37
cp38,proceeding38
cp39,proceeding39
cp40,proceeding40
cp41,proceeding41
cp42,proceeding42
cp43,proceeding43
cp44,proceeding44
cp45,proceeding45
cp46,proceeding46
cp47,proceeding47
cp48,proceeding48
cp49,proceeding49
cp50,proceeding50
cp51,proceeding51
cp52,proceeding52
cp53,proceeding53
cp54,proceeding54
cp55,proceeding55
cp56,proceeding56
cp57,proceeding57
cp58,proceeding58
cp59,proceeding59
cp60,proceeding60
cp61,proceeding61
cp62,proceeding62
cp63,proceeding63
cp64,proceeding64
cp65,proceeding65
cp66,proceeding66
cp67,proceeding67
cp68,proceeding68
cp69,proceeding69
cp70,proceeding70
cp71,proceeding71
cp72,proceeding72
cp73,proceeding73
cp74,proceeding74
cp75,proceeding75
cp76,proceeding76
cp77,proceeding77
cp78,proceeding78
cp79,proceeding79
cp80,proceeding80
cp81,proceeding81
cp82,proceeding82
cp83,proceeding83
cp84,proceeding84
cp85,proceeding85
cp86,proceeding86
cp87,proceeding87
cp88,proceeding88
cp89,proceeding89
cp90,proceeding90
cp91,proceeding91
cp92,proceeding92
cp93,proceeding93
cp94,proceeding94
cp95,proceeding95
cp96,proceeding96
cp97,proceeding97
cp98,proceeding98
cp99,proceeding99
cp100,proceeding100
cp101,proceeding101
cp102,proceeding102
cp103,proceeding103
cp104,proceeding104
cp105,proceeding105
cp106,proceeding106
cp107,proceeding107
cp108,proceeding108
cp109,proceeding109
cp110,proceeding110
cp111,proceeding111
cp112,proceeding112
cp113,proceeding113
cp114,proceeding114
cp115,proceeding115
cp116,proceeding116
cp117,proceeding117
cp118,proceeding118
cp119,proceeding119
cp120,proceeding120
cp121,proceeding121
