conferenceJournalId,proceedingsVolumeIds,domainId
j0,jv0,d0
j0,jv0,d1
c106,cp106,d0
c106,cp106,d3
c106,cp106,d6
j16,jv16,d0
j16,jv16,d3
c11,cp11,d0
j21,jv21,d0
j21,jv21,d0
c13,cp13,d0
j32,jv32,d0
c51,cp51,d0
c44,cp44,d0
c44,cp44,d3
c39,cp39,d0
c39,cp39,d1
c10,cp10,d0
c10,cp10,d3
c96,cp96,d0
c71,cp71,d0
c71,cp71,d3
c14,cp14,d0
c26,cp26,d0
j65,jv65,d0
j65,jv65,d3
c95,cp95,d0
c9,cp9,d0
c9,cp9,d1
c9,cp9,d3
c88,cp88,d0
j59,jv59,d0
j59,jv59,d3
j73,jv73,d0
j73,jv73,d1
c115,cp115,d0
c116,cp116,d0
j81,jv81,d0
j81,jv81,d3
j19,jv19,d0
j19,jv19,d1
j19,jv19,d5
j19,jv19,d13
j59,jv59,d0
j59,jv59,d3
c41,cp41,d0
c41,cp41,d3
c41,cp41,d7
c108,cp108,d0
j59,jv59,d0
j59,jv59,d3
c6,cp6,d0
c6,cp6,d2
c84,cp84,d0
c84,cp84,d10
c21,cp21,d0
c77,cp77,d0
j0,jv0,d0
j0,jv0,d1
j157,jv157,d0
j164,jv164,d0
j164,jv164,d1
c41,cp41,d0
c41,cp41,d3
c105,cp105,d0
c105,cp105,d0
c105,cp105,d3
c105,cp105,d0
j162,jv162,d0
j162,jv162,d3
c82,cp82,d0
c46,cp46,d0
j176,jv176,d0
c39,cp39,d0
c6,cp6,d0
c49,cp49,d0
c49,cp49,d3
c81,cp81,d0
j183,jv183,d0
j183,jv183,d3
j184,jv184,d0
j184,jv184,d3
c2,cp2,d0
c2,cp2,d3
c55,cp55,d0
j188,jv188,d0
j188,jv188,d1
c22,cp22,d0
c113,cp113,d0
j160,jv160,d0
j160,jv160,d1
c50,cp50,d0
c50,cp50,d2
j194,jv194,d0
j194,jv194,d1
j197,jv197,d0
j197,jv197,d1
c68,cp68,d0
c83,cp83,d0
j200,jv200,d0
j200,jv200,d3
c38,cp38,d0
c38,cp38,d3
c61,cp61,d0
c61,cp61,d3
c44,cp44,d0
c9,cp9,d0
c9,cp9,d1
c9,cp9,d3
c31,cp31,d0
c37,cp37,d0
c37,cp37,d3
c85,cp85,d0
c88,cp88,d0
c88,cp88,d3
c36,cp36,d0
c55,cp55,d0
c6,cp6,d0
c6,cp6,d3
c45,cp45,d0
c100,cp100,d0
c2,cp2,d0
c2,cp2,d10
c16,cp16,d0
c37,cp37,d0
c105,cp105,d0
c105,cp105,d3
c31,cp31,d0
c49,cp49,d0
j211,jv211,d0
j211,jv211,d3
c53,cp53,d0
c53,cp53,d3
j217,jv217,d0
j217,jv217,d1
c3,cp3,d0
c3,cp3,d0
c49,cp49,d0
c49,cp49,d3
c8,cp8,d0
c1,cp1,d0
c84,cp84,d0
c6,cp6,d0
c2,cp2,d0
c2,cp2,d3
j213,jv213,d0
j213,jv213,d3
j234,jv234,d0
j234,jv234,d3
c51,cp51,d0
c51,cp51,d3
c80,cp80,d0
c91,cp91,d0
c33,cp33,d0
c32,cp32,d0
c32,cp32,d3
c22,cp22,d0
c22,cp22,d3
c58,cp58,d0
c1,cp1,d0
c116,cp116,d0
c116,cp116,d3
c18,cp18,d0
c18,cp18,d3
j244,jv244,d0
j260,jv260,d0
j260,jv260,d3
j280,jv280,d0
j280,jv280,d3
j286,jv286,d0
j286,jv286,d3
c3,cp3,d0
c3,cp3,d3
j291,jv291,d0
j291,jv291,d3
j292,jv292,d0
j292,jv292,d3
j190,jv190,d0
j190,jv190,d3
j65,jv65,d0
j65,jv65,d3
c9,cp9,d0
c9,cp9,d1
c9,cp9,d3
j219,jv219,d0
j219,jv219,d3
j258,jv258,d0
j258,jv258,d3
j307,jv307,d0
j307,jv307,d3
j60,jv60,d0
j60,jv60,d1
c84,cp84,d0
c84,cp84,d3
j311,jv311,d0
j311,jv311,d9
j311,jv311,d11
c64,cp64,d0
j315,jv315,d0
j315,jv315,d1
j315,jv315,d3
c75,cp75,d0
c75,cp75,d3
j219,jv219,d0
j219,jv219,d3
c66,cp66,d0
j319,jv319,d0
j319,jv319,d6
c72,cp72,d0
c72,cp72,d3
c109,cp109,d0
c19,cp19,d0
c114,cp114,d0
j258,jv258,d0
j258,jv258,d3
c120,cp120,d0
j191,jv191,d0
j191,jv191,d3
c58,cp58,d0
j164,jv164,d0
j164,jv164,d1
c6,cp6,d0
j185,jv185,d0
j185,jv185,d3
j325,jv325,d0
j325,jv325,d3
j185,jv185,d0
j185,jv185,d3
j280,jv280,d0
j280,jv280,d3
c92,cp92,d0
c119,cp119,d0
j244,jv244,d0
c11,cp11,d0
j331,jv331,d0
j280,jv280,d0
j280,jv280,d3
c95,cp95,d0
j337,jv337,d0
j337,jv337,d3
c89,cp89,d0
j338,jv338,d0
j338,jv338,d3
c87,cp87,d0
c95,cp95,d0
c19,cp19,d0
c19,cp19,d3
c93,cp93,d0
c93,cp93,d3
j342,jv342,d0
j342,jv342,d3
j344,jv344,d0
j344,jv344,d3
j44,jv44,d0
j44,jv44,d4
j355,jv355,d0
j355,jv355,d1
c50,cp50,d0
c50,cp50,d1
c0,cp0,d0
c0,cp0,d3
c61,cp61,d0
c61,cp61,d3
c16,cp16,d0
j395,jv395,d0
j395,jv395,d3
c120,cp120,d0
c113,cp113,d0
c81,cp81,d0
c81,cp81,d3
c98,cp98,d0
c98,cp98,d15
c43,cp43,d0
c43,cp43,d9
c46,cp46,d0
c59,cp59,d0
c113,cp113,d0
c118,cp118,d0
c118,cp118,d3
c118,cp118,d9
c97,cp97,d0
c118,cp118,d0
c85,cp85,d0
j62,jv62,d0
c55,cp55,d0
c23,cp23,d0
j424,jv424,d0
j424,jv424,d3
j424,jv424,d4
c88,cp88,d0
c1,cp1,d0
c110,cp110,d0
c110,cp110,d3
c110,cp110,d11
c37,cp37,d0
c37,cp37,d3
c38,cp38,d0
c38,cp38,d3
c83,cp83,d0
c35,cp35,d0
c31,cp31,d0
c9,cp9,d0
c107,cp107,d0
c57,cp57,d0
c96,cp96,d0
c96,cp96,d3
c119,cp119,d0
c119,cp119,d3
c117,cp117,d0
c11,cp11,d0
c38,cp38,d0
c38,cp38,d3
c37,cp37,d0
c82,cp82,d1
c115,cp115,d1
j3,jv3,d1
j3,jv3,d3
j5,jv5,d1
j5,jv5,d3
j6,jv6,d1
j6,jv6,d5
j8,jv8,d1
j8,jv8,d3
j7,jv7,d1
j9,jv9,d1
j10,jv10,d1
j10,jv10,d2
j10,jv10,d3
j10,jv10,d7
j10,jv10,d8
j11,jv11,d1
c61,cp61,d1
c3,cp3,d1
c3,cp3,d9
j14,jv14,d1
j14,jv14,d3
c37,cp37,d1
c37,cp37,d3
j19,jv19,d1
j19,jv19,d3
c37,cp37,d1
c37,cp37,d3
j22,jv22,d1
j22,jv22,d3
j22,jv22,d10
j23,jv23,d1
j23,jv23,d3
j23,jv23,d6
j25,jv25,d1
j26,jv26,d1
j26,jv26,d12
j31,jv31,d1
j31,jv31,d3
j34,jv34,d1
j34,jv34,d3
j6,jv6,d1
j6,jv6,d5
j37,jv37,d1
j37,jv37,d3
j40,jv40,d1
c46,cp46,d1
c46,cp46,d3
c100,cp100,d1
c100,cp100,d2
j47,jv47,d1
c24,cp24,d1
c24,cp24,d3
j49,jv49,d1
j49,jv49,d3
j49,jv49,d10
j23,jv23,d1
j23,jv23,d3
c9,cp9,d1
c9,cp9,d3
j51,jv51,d1
j51,jv51,d4
j52,jv52,d1
j52,jv52,d9
j54,jv54,d1
j54,jv54,d3
c95,cp95,d1
c95,cp95,d3
c95,cp95,d7
j55,jv55,d1
j55,jv55,d10
c85,cp85,d1
c85,cp85,d3
c34,cp34,d1
c34,cp34,d3
c15,cp15,d1
c15,cp15,d3
c15,cp15,d15
j60,jv60,d1
j60,jv60,d3
j23,jv23,d1
j23,jv23,d2
j23,jv23,d3
j64,jv64,d1
j64,jv64,d5
c54,cp54,d1
c54,cp54,d15
j41,jv41,d1
j41,jv41,d3
j41,jv41,d4
j41,jv41,d6
j41,jv41,d10
c9,cp9,d1
c9,cp9,d3
c9,cp9,d10
c116,cp116,d1
c116,cp116,d3
j71,jv71,d1
j76,jv76,d1
j76,jv76,d3
c9,cp9,d1
c9,cp9,d3
c92,cp92,d1
c92,cp92,d9
c9,cp9,d1
c9,cp9,d3
c9,cp9,d13
c9,cp9,d1
c9,cp9,d3
j82,jv82,d1
j82,jv82,d3
j82,jv82,d5
j60,jv60,d1
j60,jv60,d3
j23,jv23,d1
j23,jv23,d3
j23,jv23,d6
j86,jv86,d1
j86,jv86,d2
j87,jv87,d1
j94,jv94,d1
j94,jv94,d3
j95,jv95,d1
j60,jv60,d1
j60,jv60,d7
j48,jv48,d1
j48,jv48,d13
c8,cp8,d1
c8,cp8,d3
c8,cp8,d15
j101,jv101,d1
j101,jv101,d2
c76,cp76,d1
c76,cp76,d3
j102,jv102,d1
j102,jv102,d3
j104,jv104,d1
j104,jv104,d4
c93,cp93,d1
j107,jv107,d1
j107,jv107,d5
j108,jv108,d1
j108,jv108,d3
j60,jv60,d1
j60,jv60,d4
j104,jv104,d1
j0,jv0,d1
j0,jv0,d5
j111,jv111,d1
j111,jv111,d4
j112,jv112,d1
j113,jv113,d1
j113,jv113,d3
j116,jv116,d1
j116,jv116,d3
j64,jv64,d1
j64,jv64,d5
j119,jv119,d1
j119,jv119,d4
j121,jv121,d1
j121,jv121,d3
j64,jv64,d1
j64,jv64,d5
j123,jv123,d1
j123,jv123,d3
j124,jv124,d1
j124,jv124,d3
j126,jv126,d1
j126,jv126,d4
j104,jv104,d1
j104,jv104,d13
j127,jv127,d1
j129,jv129,d1
j104,jv104,d1
j104,jv104,d5
j23,jv23,d1
j131,jv131,d1
j131,jv131,d4
j111,jv111,d1
j111,jv111,d4
j104,jv104,d1
j8,jv8,d1
j8,jv8,d5
j8,jv8,d1
j8,jv8,d5
c56,cp56,d1
j133,jv133,d1
j133,jv133,d2
j133,jv133,d3
j133,jv133,d6
j133,jv133,d10
j19,jv19,d1
j19,jv19,d1
j135,jv135,d1
j135,jv135,d9
j137,jv137,d1
j137,jv137,d3
j104,jv104,d1
j104,jv104,d3
j139,jv139,d1
j139,jv139,d3
j139,jv139,d10
j140,jv140,d1
j135,jv135,d1
j19,jv19,d1
j19,jv19,d2
j19,jv19,d3
j19,jv19,d7
c41,cp41,d1
j145,jv145,d1
j145,jv145,d10
j146,jv146,d1
j104,jv104,d1
j104,jv104,d10
c74,cp74,d1
j148,jv148,d1
j148,jv148,d5
j111,jv111,d1
j111,jv111,d4
j104,jv104,d1
j149,jv149,d1
j149,jv149,d3
j104,jv104,d1
j64,jv64,d1
j64,jv64,d5
c101,cp101,d1
c101,cp101,d3
j104,jv104,d1
j104,jv104,d3
j104,jv104,d1
j149,jv149,d1
j149,jv149,d3
j104,jv104,d1
j104,jv104,d9
c92,cp92,d1
c92,cp92,d4
j151,jv151,d1
j151,jv151,d3
j104,jv104,d1
j104,jv104,d4
j82,jv82,d1
j82,jv82,d3
j82,jv82,d5
j8,jv8,d1
j8,jv8,d3
j8,jv8,d5
j23,jv23,d1
j23,jv23,d3
j23,jv23,d6
j161,jv161,d1
j161,jv161,d9
j112,jv112,d1
c56,cp56,d1
c56,cp56,d2
j8,jv8,d1
j8,jv8,d3
j168,jv168,d1
j8,jv8,d1
c19,cp19,d1
c19,cp19,d5
j173,jv173,d1
j173,jv173,d3
j173,jv173,d6
c44,cp44,d1
c44,cp44,d3
c28,cp28,d1
c28,cp28,d3
j121,jv121,d1
j121,jv121,d3
j76,jv76,d1
j76,jv76,d10
j135,jv135,d1
j135,jv135,d5
j60,jv60,d1
j60,jv60,d9
j23,jv23,d1
j23,jv23,d10
j192,jv192,d1
j192,jv192,d3
j104,jv104,d1
j193,jv193,d1
j193,jv193,d5
c9,cp9,d1
c9,cp9,d3
c9,cp9,d6
c9,cp9,d1
c9,cp9,d3
j60,jv60,d1
j60,jv60,d3
j60,jv60,d6
j8,jv8,d1
j8,jv8,d5
j8,jv8,d10
c12,cp12,d1
c12,cp12,d3
j202,jv202,d1
j202,jv202,d3
j0,jv0,d1
j89,jv89,d1
j89,jv89,d3
j89,jv89,d5
j205,jv205,d1
j205,jv205,d5
c93,cp93,d1
c93,cp93,d3
c93,cp93,d5
j104,jv104,d1
j104,jv104,d3
j104,jv104,d1
j104,jv104,d2
c25,cp25,d1
c25,cp25,d3
j209,jv209,d1
j209,jv209,d5
j214,jv214,d1
j214,jv214,d5
j218,jv218,d1
j218,jv218,d3
j218,jv218,d7
j23,jv23,d1
j23,jv23,d3
j221,jv221,d1
j221,jv221,d5
j173,jv173,d1
j173,jv173,d3
j173,jv173,d6
j225,jv225,d1
j225,jv225,d5
c21,cp21,d1
c21,cp21,d3
j232,jv232,d1
j232,jv232,d5
j104,jv104,d1
j225,jv225,d1
j225,jv225,d5
j237,jv237,d1
c15,cp15,d1
c15,cp15,d3
j239,jv239,d1
j239,jv239,d5
j241,jv241,d1
j241,jv241,d3
j7,jv7,d1
j7,jv7,d3
j7,jv7,d1
j7,jv7,d3
c68,cp68,d1
c68,cp68,d3
c36,cp36,d1
c36,cp36,d3
c36,cp36,d5
j127,jv127,d1
j250,jv250,d1
j250,jv250,d9
c81,cp81,d1
c81,cp81,d3
j121,jv121,d1
j121,jv121,d3
j252,jv252,d1
j252,jv252,d3
j250,jv250,d1
j250,jv250,d9
j255,jv255,d1
j137,jv137,d1
j137,jv137,d3
j259,jv259,d1
j259,jv259,d3
j261,jv261,d1
j266,jv266,d1
j266,jv266,d10
j104,jv104,d1
c112,cp112,d1
j270,jv270,d1
c91,cp91,d1
c91,cp91,d3
c91,cp91,d6
c82,cp82,d1
j250,jv250,d1
c27,cp27,d1
c27,cp27,d3
j279,jv279,d1
j279,jv279,d15
j60,jv60,d1
j60,jv60,d3
j282,jv282,d1
j282,jv282,d3
j282,jv282,d15
c18,cp18,d1
c18,cp18,d3
c19,cp19,d1
c19,cp19,d3
c19,cp19,d5
j287,jv287,d1
j287,jv287,d3
j104,jv104,d1
j104,jv104,d3
j293,jv293,d1
j297,jv297,d1
j297,jv297,d3
j298,jv298,d1
j298,jv298,d3
j64,jv64,d1
j64,jv64,d5
j302,jv302,d1
j302,jv302,d10
c77,cp77,d1
j305,jv305,d1
j306,jv306,d1
j306,jv306,d3
c84,cp84,d1
c84,cp84,d3
j107,jv107,d1
j107,jv107,d5
j309,jv309,d1
j309,jv309,d10
j310,jv310,d1
j310,jv310,d15
c43,cp43,d1
c43,cp43,d3
j47,jv47,d1
c21,cp21,d1
c21,cp21,d3
c21,cp21,d9
j318,jv318,d1
j318,jv318,d3
j321,jv321,d1
c86,cp86,d1
c86,cp86,d3
c86,cp86,d5
j285,jv285,d1
j285,jv285,d3
j282,jv282,d1
j282,jv282,d3
j282,jv282,d4
c46,cp46,d1
c84,cp84,d1
j326,jv326,d1
j326,jv326,d2
j326,jv326,d8
j327,jv327,d1
j140,jv140,d1
j328,jv328,d1
c72,cp72,d1
c72,cp72,d3
j60,jv60,d1
j60,jv60,d3
j333,jv333,d1
j333,jv333,d3
j336,jv336,d1
j336,jv336,d3
c9,cp9,d1
c9,cp9,d3
c9,cp9,d10
j340,jv340,d1
j340,jv340,d3
j336,jv336,d1
j336,jv336,d3
c87,cp87,d1
c87,cp87,d6
j343,jv343,d1
j108,jv108,d1
j108,jv108,d3
j60,jv60,d1
j60,jv60,d3
j60,jv60,d9
j346,jv346,d1
j346,jv346,d3
j346,jv346,d6
c109,cp109,d1
c109,cp109,d8
c121,cp121,d1
c121,cp121,d3
c121,cp121,d5
j19,jv19,d1
j19,jv19,d3
c26,cp26,d1
c26,cp26,d3
c26,cp26,d5
c120,cp120,d1
c120,cp120,d3
c1,cp1,d1
c1,cp1,d3
c1,cp1,d5
j347,jv347,d1
j347,jv347,d5
c58,cp58,d1
c58,cp58,d3
c58,cp58,d5
c22,cp22,d1
c22,cp22,d3
c22,cp22,d5
j173,jv173,d1
j173,jv173,d3
j107,jv107,d1
j107,jv107,d5
c46,cp46,d1
c46,cp46,d3
c46,cp46,d5
c49,cp49,d1
c49,cp49,d3
c80,cp80,d1
c80,cp80,d3
c80,cp80,d5
c26,cp26,d1
c26,cp26,d3
c26,cp26,d5
c31,cp31,d1
c31,cp31,d3
j348,jv348,d1
c42,cp42,d1
c42,cp42,d3
j82,jv82,d1
j82,jv82,d3
j82,jv82,d5
c38,cp38,d1
c38,cp38,d3
c38,cp38,d5
j347,jv347,d1
j347,jv347,d5
c75,cp75,d1
c75,cp75,d3
c75,cp75,d5
j55,jv55,d1
j350,jv350,d1
j350,jv350,d7
j350,jv350,d8
c19,cp19,d1
c19,cp19,d3
c19,cp19,d5
c7,cp7,d1
c7,cp7,d3
c7,cp7,d5
c62,cp62,d1
c62,cp62,d3
c62,cp62,d5
c53,cp53,d1
c53,cp53,d3
c0,cp0,d1
c0,cp0,d3
c0,cp0,d5
j351,jv351,d1
j351,jv351,d3
j351,jv351,d8
c86,cp86,d1
c86,cp86,d3
c86,cp86,d5
j352,jv352,d1
j352,jv352,d3
c37,cp37,d1
c37,cp37,d3
c37,cp37,d5
c64,cp64,d1
c64,cp64,d3
c64,cp64,d5
c99,cp99,d1
c99,cp99,d3
c89,cp89,d1
c89,cp89,d3
c89,cp89,d5
c112,cp112,d1
c112,cp112,d3
c112,cp112,d5
c75,cp75,d1
c75,cp75,d3
c75,cp75,d5
c52,cp52,d1
c52,cp52,d3
c52,cp52,d5
j82,jv82,d1
j82,jv82,d3
j82,jv82,d5
c91,cp91,d1
c91,cp91,d3
c91,cp91,d5
c36,cp36,d1
c36,cp36,d3
c36,cp36,d5
c111,cp111,d1
c111,cp111,d3
c111,cp111,d5
c105,cp105,d1
c105,cp105,d3
c105,cp105,d5
j353,jv353,d1
j353,jv353,d5
j354,jv354,d1
j354,jv354,d5
j356,jv356,d1
j356,jv356,d3
c107,cp107,d1
c107,cp107,d3
c53,cp53,d1
c53,cp53,d3
c53,cp53,d5
c11,cp11,d1
c11,cp11,d3
c11,cp11,d5
c15,cp15,d1
c15,cp15,d3
c15,cp15,d5
c59,cp59,d1
c59,cp59,d3
c112,cp112,d1
c112,cp112,d3
c112,cp112,d5
c101,cp101,d1
c101,cp101,d3
c101,cp101,d5
c9,cp9,d1
c9,cp9,d3
c9,cp9,d5
c104,cp104,d1
c104,cp104,d3
j359,jv359,d1
j359,jv359,d3
j360,jv360,d1
j360,jv360,d5
c68,cp68,d1
c68,cp68,d3
c68,cp68,d5
j362,jv362,d1
j362,jv362,d8
c10,cp10,d1
c10,cp10,d3
c10,cp10,d5
c105,cp105,d1
c105,cp105,d3
c105,cp105,d5
c92,cp92,d1
c92,cp92,d3
c70,cp70,d1
c70,cp70,d3
c70,cp70,d5
j107,jv107,d1
c33,cp33,d1
c33,cp33,d3
c33,cp33,d5
c73,cp73,d1
c73,cp73,d5
c61,cp61,d1
c61,cp61,d3
c61,cp61,d5
j364,jv364,d1
j364,jv364,d5
j19,jv19,d1
j19,jv19,d3
c115,cp115,d1
c115,cp115,d3
c115,cp115,d5
c10,cp10,d1
c10,cp10,d3
j365,jv365,d1
j365,jv365,d5
c14,cp14,d1
c14,cp14,d3
c14,cp14,d5
c61,cp61,d1
c61,cp61,d3
c61,cp61,d5
c104,cp104,d1
c104,cp104,d3
c104,cp104,d5
c28,cp28,d1
c28,cp28,d3
c28,cp28,d5
c56,cp56,d1
c56,cp56,d3
c56,cp56,d5
j367,jv367,d1
c91,cp91,d1
c91,cp91,d3
c91,cp91,d15
c63,cp63,d1
c63,cp63,d3
c63,cp63,d5
c89,cp89,d1
c89,cp89,d3
c89,cp89,d5
j368,jv368,d1
c38,cp38,d1
c38,cp38,d3
c38,cp38,d5
c71,cp71,d1
c71,cp71,d3
c84,cp84,d1
c84,cp84,d3
c84,cp84,d5
c19,cp19,d1
c19,cp19,d3
j369,jv369,d1
c57,cp57,d1
c57,cp57,d3
c57,cp57,d5
j370,jv370,d1
j370,jv370,d5
j371,jv371,d1
j371,jv371,d3
j372,jv372,d1
j372,jv372,d5
j373,jv373,d1
j373,jv373,d5
c29,cp29,d1
c29,cp29,d3
c29,cp29,d5
c63,cp63,d1
c63,cp63,d3
c63,cp63,d5
j121,jv121,d1
j121,jv121,d3
c73,cp73,d1
c73,cp73,d3
c73,cp73,d5
c59,cp59,d1
c59,cp59,d3
c59,cp59,d5
c51,cp51,d1
c51,cp51,d3
c51,cp51,d5
c38,cp38,d1
c38,cp38,d3
c38,cp38,d5
c70,cp70,d1
c70,cp70,d3
c70,cp70,d5
j350,jv350,d1
j350,jv350,d8
j107,jv107,d1
j107,jv107,d5
c116,cp116,d1
c116,cp116,d3
c57,cp57,d1
c57,cp57,d3
c97,cp97,d1
c97,cp97,d3
c97,cp97,d5
c2,cp2,d1
c2,cp2,d3
c2,cp2,d5
c64,cp64,d1
c64,cp64,d3
c47,cp47,d1
c47,cp47,d3
c47,cp47,d5
j359,jv359,d1
j359,jv359,d3
c23,cp23,d1
c23,cp23,d3
c23,cp23,d5
c28,cp28,d1
c28,cp28,d3
c28,cp28,d5
c77,cp77,d1
c99,cp99,d1
c99,cp99,d3
c99,cp99,d5
j193,jv193,d1
j193,jv193,d5
c3,cp3,d1
c3,cp3,d3
c69,cp69,d1
c69,cp69,d3
c69,cp69,d5
c72,cp72,d1
c72,cp72,d3
c72,cp72,d5
c102,cp102,d1
c102,cp102,d3
c102,cp102,d5
c106,cp106,d1
c106,cp106,d3
c106,cp106,d5
c109,cp109,d1
c109,cp109,d3
c109,cp109,d5
c7,cp7,d1
c7,cp7,d3
c7,cp7,d5
j343,jv343,d1
j343,jv343,d5
j376,jv376,d1
j376,jv376,d8
c97,cp97,d1
c97,cp97,d3
c97,cp97,d5
c39,cp39,d1
c39,cp39,d3
c39,cp39,d5
j107,jv107,d1
j107,jv107,d3
c98,cp98,d1
c98,cp98,d3
c98,cp98,d5
c3,cp3,d1
c3,cp3,d3
c3,cp3,d5
c59,cp59,d1
c59,cp59,d3
c59,cp59,d5
c103,cp103,d1
c103,cp103,d3
c31,cp31,d1
c31,cp31,d3
c31,cp31,d5
c18,cp18,d1
c18,cp18,d3
c18,cp18,d5
c86,cp86,d1
c86,cp86,d3
c86,cp86,d5
c62,cp62,d1
c62,cp62,d3
c62,cp62,d5
j377,jv377,d1
j377,jv377,d5
c58,cp58,d1
c58,cp58,d3
c58,cp58,d5
c98,cp98,d1
c98,cp98,d3
c98,cp98,d5
c45,cp45,d1
c45,cp45,d3
c45,cp45,d5
c2,cp2,d1
c2,cp2,d3
c53,cp53,d1
c53,cp53,d3
c53,cp53,d5
j193,jv193,d1
j193,jv193,d5
c80,cp80,d1
c80,cp80,d3
c80,cp80,d5
c87,cp87,d1
c87,cp87,d3
c87,cp87,d5
j379,jv379,d1
j379,jv379,d8
c33,cp33,d1
c33,cp33,d3
c33,cp33,d5
j380,jv380,d1
j380,jv380,d5
c83,cp83,d1
c83,cp83,d3
c83,cp83,d5
c87,cp87,d1
c87,cp87,d3
j381,jv381,d1
c114,cp114,d1
c114,cp114,d3
c114,cp114,d5
c30,cp30,d1
c30,cp30,d3
c30,cp30,d5
c60,cp60,d1
c60,cp60,d3
c60,cp60,d5
c99,cp99,d1
c99,cp99,d3
c99,cp99,d5
c98,cp98,d1
c98,cp98,d3
c98,cp98,d5
c37,cp37,d1
c37,cp37,d3
c54,cp54,d1
c54,cp54,d3
c99,cp99,d1
c99,cp99,d3
c99,cp99,d5
j383,jv383,d1
j383,jv383,d5
c110,cp110,d1
c110,cp110,d3
c110,cp110,d5
j6,jv6,d1
j107,jv107,d1
j107,jv107,d5
j384,jv384,d1
j384,jv384,d3
c76,cp76,d1
c76,cp76,d3
c76,cp76,d5
j385,jv385,d1
j385,jv385,d5
j377,jv377,d1
j377,jv377,d5
c104,cp104,d1
c104,cp104,d3
c104,cp104,d5
j193,jv193,d1
j193,jv193,d5
j386,jv386,d1
j386,jv386,d3
c37,cp37,d1
c37,cp37,d3
c37,cp37,d5
c54,cp54,d1
c54,cp54,d3
c54,cp54,d5
j387,jv387,d1
j387,jv387,d3
c92,cp92,d1
c92,cp92,d3
c92,cp92,d5
c91,cp91,d1
c91,cp91,d3
c91,cp91,d5
c46,cp46,d1
c46,cp46,d3
c46,cp46,d5
j388,jv388,d1
j388,jv388,d10
c45,cp45,d1
c45,cp45,d3
c45,cp45,d5
c20,cp20,d1
c20,cp20,d3
c20,cp20,d5
c24,cp24,d1
c24,cp24,d3
c24,cp24,d5
c70,cp70,d1
c70,cp70,d3
c70,cp70,d5
c96,cp96,d1
c96,cp96,d3
c96,cp96,d5
c36,cp36,d1
c36,cp36,d3
c36,cp36,d5
c93,cp93,d1
c93,cp93,d3
c93,cp93,d5
j390,jv390,d1
j390,jv390,d5
c54,cp54,d1
c54,cp54,d3
c92,cp92,d1
c92,cp92,d3
c92,cp92,d5
c98,cp98,d1
c98,cp98,d3
c98,cp98,d5
c93,cp93,d1
c93,cp93,d3
c93,cp93,d5
j193,jv193,d1
j193,jv193,d5
c101,cp101,d1
c101,cp101,d3
c101,cp101,d5
c61,cp61,d1
c61,cp61,d3
c61,cp61,d5
j391,jv391,d1
j391,jv391,d3
c50,cp50,d1
c50,cp50,d3
c50,cp50,d5
c15,cp15,d1
c15,cp15,d3
c49,cp49,d1
c49,cp49,d3
c49,cp49,d5
j107,jv107,d1
j107,jv107,d5
c101,cp101,d1
c101,cp101,d3
c101,cp101,d5
c25,cp25,d1
c25,cp25,d3
c25,cp25,d5
j392,jv392,d1
j392,jv392,d5
c120,cp120,d1
c120,cp120,d3
c120,cp120,d5
c73,cp73,d1
c73,cp73,d3
c73,cp73,d5
c9,cp9,d1
c9,cp9,d3
c9,cp9,d5
c62,cp62,d1
c62,cp62,d3
c62,cp62,d5
j351,jv351,d1
j351,jv351,d8
c6,cp6,d1
c6,cp6,d3
c6,cp6,d5
c70,cp70,d1
c70,cp70,d3
c70,cp70,d5
c62,cp62,d1
c62,cp62,d3
c62,cp62,d5
j193,jv193,d1
j193,jv193,d5
c95,cp95,d1
c95,cp95,d3
c95,cp95,d5
c84,cp84,d1
c84,cp84,d3
c84,cp84,d5
c31,cp31,d1
c31,cp31,d3
c31,cp31,d5
c110,cp110,d1
c110,cp110,d3
c110,cp110,d5
c82,cp82,d1
c82,cp82,d3
c82,cp82,d5
c21,cp21,d1
c21,cp21,d3
c21,cp21,d5
j135,jv135,d1
j113,jv113,d1
j113,jv113,d10
j394,jv394,d1
j394,jv394,d5
c57,cp57,d1
c57,cp57,d3
c57,cp57,d5
c51,cp51,d1
c51,cp51,d3
c51,cp51,d5
c114,cp114,d1
c114,cp114,d3
c114,cp114,d5
c90,cp90,d1
c90,cp90,d3
c90,cp90,d5
c71,cp71,d1
c71,cp71,d3
c71,cp71,d5
c87,cp87,d1
c87,cp87,d3
c87,cp87,d5
c54,cp54,d1
c54,cp54,d3
j270,jv270,d1
c89,cp89,d1
c89,cp89,d3
c29,cp29,d1
c29,cp29,d3
c29,cp29,d5
c52,cp52,d1
c52,cp52,d3
c52,cp52,d5
c109,cp109,d1
c109,cp109,d3
c112,cp112,d1
c112,cp112,d3
c91,cp91,d1
c91,cp91,d3
c91,cp91,d5
j107,jv107,d1
c96,cp96,d1
c96,cp96,d3
c96,cp96,d5
c118,cp118,d1
c118,cp118,d3
c118,cp118,d5
c103,cp103,d1
c103,cp103,d3
c103,cp103,d5
c25,cp25,d1
c25,cp25,d3
c25,cp25,d5
c84,cp84,d1
c84,cp84,d3
c84,cp84,d5
c108,cp108,d1
c108,cp108,d3
c108,cp108,d5
c94,cp94,d1
c6,cp6,d1
c6,cp6,d3
c89,cp89,d1
c89,cp89,d3
c89,cp89,d5
c101,cp101,d1
c101,cp101,d3
c101,cp101,d5
c92,cp92,d1
c92,cp92,d3
c92,cp92,d5
c50,cp50,d1
c50,cp50,d3
c50,cp50,d5
c81,cp81,d1
c69,cp69,d1
c69,cp69,d3
c69,cp69,d5
j388,jv388,d1
j388,jv388,d3
j107,jv107,d1
j107,jv107,d5
c117,cp117,d1
c117,cp117,d3
c117,cp117,d5
c91,cp91,d1
c91,cp91,d3
c91,cp91,d5
c115,cp115,d1
c115,cp115,d3
c115,cp115,d5
c72,cp72,d1
c72,cp72,d3
c72,cp72,d5
c118,cp118,d1
c118,cp118,d3
c118,cp118,d5
c41,cp41,d1
c41,cp41,d3
c41,cp41,d5
j396,jv396,d1
j396,jv396,d5
c40,cp40,d1
c40,cp40,d3
c40,cp40,d5
c62,cp62,d1
c62,cp62,d3
c62,cp62,d5
c113,cp113,d1
c113,cp113,d3
c113,cp113,d5
c117,cp117,d1
c117,cp117,d3
c117,cp117,d5
c74,cp74,d1
c74,cp74,d3
c74,cp74,d5
c102,cp102,d1
c102,cp102,d3
c102,cp102,d5
c31,cp31,d1
c31,cp31,d3
c31,cp31,d8
j397,jv397,d1
j397,jv397,d5
j343,jv343,d1
j343,jv343,d5
c53,cp53,d1
c53,cp53,d3
c53,cp53,d5
c77,cp77,d1
c66,cp66,d1
c66,cp66,d3
j398,jv398,d1
j398,jv398,d5
j399,jv399,d1
j399,jv399,d14
c31,cp31,d1
c31,cp31,d3
c31,cp31,d5
j400,jv400,d1
j400,jv400,d3
j365,jv365,d1
j365,jv365,d5
c8,cp8,d1
c8,cp8,d3
c8,cp8,d5
j104,jv104,d1
j104,jv104,d5
c31,cp31,d1
c31,cp31,d3
c31,cp31,d5
c35,cp35,d1
c35,cp35,d3
j401,jv401,d1
j401,jv401,d8
j402,jv402,d1
j402,jv402,d3
j404,jv404,d1
j404,jv404,d10
j23,jv23,d1
j23,jv23,d9
j241,jv241,d1
j241,jv241,d9
j405,jv405,d1
j405,jv405,d9
j29,jv29,d1
j413,jv413,d1
j241,jv241,d1
j60,jv60,d1
j60,jv60,d9
j241,jv241,d1
j241,jv241,d9
j241,jv241,d11
j425,jv425,d1
j425,jv425,d10
j409,jv409,d1
j409,jv409,d9
j241,jv241,d1
j241,jv241,d9
c18,cp18,d1
j241,jv241,d1
j241,jv241,d9
c111,cp111,d1
j241,jv241,d1
j241,jv241,d9
j328,jv328,d1
j241,jv241,d1
j241,jv241,d9
c79,cp79,d2
c116,cp116,d2
c85,cp85,d2
c85,cp85,d3
c10,cp10,d2
c12,cp12,d2
c12,cp12,d5
c19,cp19,d2
c19,cp19,d3
c19,cp19,d6
c21,cp21,d2
j90,jv90,d2
j90,jv90,d3
c92,cp92,d2
j96,jv96,d2
j96,jv96,d7
j97,jv97,d2
j97,jv97,d7
j114,jv114,d2
c24,cp24,d2
c102,cp102,d2
c102,cp102,d3
c102,cp102,d6
c102,cp102,d13
j138,jv138,d2
j138,jv138,d3
c43,cp43,d2
c6,cp6,d2
j147,jv147,d2
c22,cp22,d2
c22,cp22,d3
j169,jv169,d2
j169,jv169,d3
c116,cp116,d2
c116,cp116,d6
c12,cp12,d2
c112,cp112,d2
c26,cp26,d2
c0,cp0,d2
j129,jv129,d2
c58,cp58,d2
c58,cp58,d3
j271,jv271,d2
j271,jv271,d3
j96,jv96,d2
j96,jv96,d7
c103,cp103,d2
c103,cp103,d3
c66,cp66,d2
c66,cp66,d3
c99,cp99,d2
c99,cp99,d3
c58,cp58,d2
c76,cp76,d2
c80,cp80,d2
c47,cp47,d2
j147,jv147,d2
c5,cp5,d2
c45,cp45,d2
c62,cp62,d2
c108,cp108,d2
c11,cp11,d2
c24,cp24,d2
c24,cp24,d8
c89,cp89,d2
c106,cp106,d2
c46,cp46,d2
c102,cp102,d2
c73,cp73,d2
c73,cp73,d3
c73,cp73,d7
c115,cp115,d2
c115,cp115,d8
c102,cp102,d2
c65,cp65,d2
c4,cp4,d3
c87,cp87,d3
c87,cp87,d4
c0,cp0,d3
c25,cp25,d3
j1,jv1,d3
c75,cp75,d3
j4,jv4,d3
c73,cp73,d3
c73,cp73,d6
j7,jv7,d3
c1,cp1,d3
c2,cp2,d3
j12,jv12,d3
j13,jv13,d3
c103,cp103,d3
c103,cp103,d6
c14,cp14,d3
j15,jv15,d3
c55,cp55,d3
c109,cp109,d3
j17,jv17,d3
j18,jv18,d3
j18,jv18,d6
c31,cp31,d3
c31,cp31,d10
j20,jv20,d3
j20,jv20,d6
c1,cp1,d3
c91,cp91,d3
j13,jv13,d3
j13,jv13,d11
c113,cp113,d3
c3,cp3,d3
c5,cp5,d3
j4,jv4,d3
j4,jv4,d11
j24,jv24,d3
j21,jv21,d3
j21,jv21,d6
c4,cp4,d3
c98,cp98,d3
j12,jv12,d3
j27,jv27,d3
c1,cp1,d3
c4,cp4,d3
j28,jv28,d3
c104,cp104,d3
c104,cp104,d4
j33,jv33,d3
j36,jv36,d3
j36,jv36,d4
c36,cp36,d3
j39,jv39,d3
j38,jv38,d3
c5,cp5,d3
j42,jv42,d3
j42,jv42,d6
j17,jv17,d3
j17,jv17,d9
c76,cp76,d3
j43,jv43,d3
j4,jv4,d3
j4,jv4,d6
j12,jv12,d3
j45,jv45,d3
j45,jv45,d15
c24,cp24,d3
c24,cp24,d4
c6,cp6,d3
c7,cp7,d3
j46,jv46,d3
j48,jv48,d3
j13,jv13,d3
c75,cp75,d3
c75,cp75,d6
c8,cp8,d3
j50,jv50,d3
j50,jv50,d4
c54,cp54,d3
c26,cp26,d3
c26,cp26,d6
c5,cp5,d3
c87,cp87,d3
j53,jv53,d3
j54,jv54,d3
c113,cp113,d3
c113,cp113,d6
j13,jv13,d3
c59,cp59,d3
c11,cp11,d3
c110,cp110,d3
c12,cp12,d3
c12,cp12,d4
c88,cp88,d3
c105,cp105,d3
c66,cp66,d3
j57,jv57,d3
c92,cp92,d3
c13,cp13,d3
c57,cp57,d3
c14,cp14,d3
c95,cp95,d3
c26,cp26,d3
c5,cp5,d3
c76,cp76,d3
c46,cp46,d3
j59,jv59,d3
j12,jv12,d3
j59,jv59,d3
c16,cp16,d3
c80,cp80,d3
c100,cp100,d3
j61,jv61,d3
j61,jv61,d6
c80,cp80,d3
c0,cp0,d3
j62,jv62,d3
c54,cp54,d3
j63,jv63,d3
c52,cp52,d3
c111,cp111,d3
c48,cp48,d3
c48,cp48,d16
c17,cp17,d3
c111,cp111,d3
c103,cp103,d3
c83,cp83,d3
c25,cp25,d3
j66,jv66,d3
c18,cp18,d3
c98,cp98,d3
j67,jv67,d3
j67,jv67,d11
c102,cp102,d3
c11,cp11,d3
c105,cp105,d3
c3,cp3,d3
c7,cp7,d3
c7,cp7,d6
c44,cp44,d3
c32,cp32,d3
c46,cp46,d3
c58,cp58,d3
c24,cp24,d3
c80,cp80,d3
c36,cp36,d3
c59,cp59,d3
j62,jv62,d3
j68,jv68,d3
c5,cp5,d3
j69,jv69,d3
c5,cp5,d3
c63,cp63,d3
c64,cp64,d3
c33,cp33,d3
c51,cp51,d3
c56,cp56,d3
j70,jv70,d3
c81,cp81,d3
j72,jv72,d3
j72,jv72,d3
j74,jv74,d3
j75,jv75,d3
j13,jv13,d3
c43,cp43,d3
c44,cp44,d3
j77,jv77,d3
c35,cp35,d3
c57,cp57,d3
c57,cp57,d6
c5,cp5,d3
j78,jv78,d3
c4,cp4,d3
c20,cp20,d3
c20,cp20,d11
c75,cp75,d3
c61,cp61,d3
j79,jv79,d3
j79,jv79,d15
c10,cp10,d3
c88,cp88,d3
c21,cp21,d3
c69,cp69,d3
j80,jv80,d3
c92,cp92,d3
c46,cp46,d3
c102,cp102,d3
j81,jv81,d3
c51,cp51,d3
j81,jv81,d3
c101,cp101,d3
j85,jv85,d3
j89,jv89,d3
j89,jv89,d5
c77,cp77,d3
j92,jv92,d3
j66,jv66,d3
j98,jv98,d3
j99,jv99,d3
j100,jv100,d3
j103,jv103,d3
j103,jv103,d14
j105,jv105,d3
c23,cp23,d3
c108,cp108,d3
j106,jv106,d3
c39,cp39,d3
c2,cp2,d3
c75,cp75,d3
c75,cp75,d15
j109,jv109,d3
j110,jv110,d3
j110,jv110,d15
j7,jv7,d3
c83,cp83,d3
c9,cp9,d3
c9,cp9,d5
j4,jv4,d3
c50,cp50,d3
c78,cp78,d3
c24,cp24,d3
c36,cp36,d3
j115,jv115,d3
c77,cp77,d3
c23,cp23,d3
c23,cp23,d10
c23,cp23,d14
j117,jv117,d3
c30,cp30,d3
j17,jv17,d3
j17,jv17,d4
c25,cp25,d3
c25,cp25,d6
c12,cp12,d3
j120,jv120,d3
c71,cp71,d3
c26,cp26,d3
c119,cp119,d3
c28,cp28,d3
j125,jv125,d3
j125,jv125,d6
j110,jv110,d3
c72,cp72,d3
c9,cp9,d3
j66,jv66,d3
j16,jv16,d3
c53,cp53,d3
j132,jv132,d3
j132,jv132,d9
j4,jv4,d3
j50,jv50,d3
c111,cp111,d3
c111,cp111,d6
j134,jv134,d3
j134,jv134,d12
c75,cp75,d3
c2,cp2,d3
c50,cp50,d3
j136,jv136,d3
c113,cp113,d3
c73,cp73,d3
c73,cp73,d6
j7,jv7,d3
c24,cp24,d3
c66,cp66,d3
j141,jv141,d3
c119,cp119,d3
c119,cp119,d13
c2,cp2,d3
c103,cp103,d3
c72,cp72,d3
j143,jv143,d3
j144,jv144,d3
c16,cp16,d3
j89,jv89,d3
j89,jv89,d5
j17,jv17,d3
j17,jv17,d4
c4,cp4,d3
j109,jv109,d3
c110,cp110,d3
c27,cp27,d3
c41,cp41,d3
c76,cp76,d3
c81,cp81,d3
c81,cp81,d6
c28,cp28,d3
c98,cp98,d3
c20,cp20,d3
c20,cp20,d15
c29,cp29,d3
j17,jv17,d3
c110,cp110,d3
j150,jv150,d3
j17,jv17,d3
j17,jv17,d4
j152,jv152,d3
j153,jv153,d3
c26,cp26,d3
j44,jv44,d3
j154,jv154,d3
c65,cp65,d3
c103,cp103,d3
c32,cp32,d3
c33,cp33,d3
c34,cp34,d3
c35,cp35,d3
j4,jv4,d3
c36,cp36,d3
j4,jv4,d3
c50,cp50,d3
c56,cp56,d3
c37,cp37,d3
j156,jv156,d3
c112,cp112,d3
c44,cp44,d3
c38,cp38,d3
j27,jv27,d3
j156,jv156,d3
c78,cp78,d3
c39,cp39,d3
j159,jv159,d3
j156,jv156,d3
j99,jv99,d3
j156,jv156,d3
j160,jv160,d3
c40,cp40,d3
j152,jv152,d3
c57,cp57,d3
j4,jv4,d3
c92,cp92,d3
j162,jv162,d3
c77,cp77,d3
j4,jv4,d3
j163,jv163,d3
j4,jv4,d3
c45,cp45,d3
j4,jv4,d3
c54,cp54,d3
c42,cp42,d3
c71,cp71,d3
j165,jv165,d3
j166,jv166,d3
j166,jv166,d8
j167,jv167,d3
c65,cp65,d3
c58,cp58,d3
j170,jv170,d3
j170,jv170,d6
c49,cp49,d3
c24,cp24,d3
j171,jv171,d3
c55,cp55,d3
j156,jv156,d3
j4,jv4,d3
j172,jv172,d3
j174,jv174,d3
j4,jv4,d3
j4,jv4,d6
j175,jv175,d3
j153,jv153,d3
c5,cp5,d3
c43,cp43,d3
c110,cp110,d3
j16,jv16,d3
c23,cp23,d3
c81,cp81,d3
c45,cp45,d3
c46,cp46,d3
c24,cp24,d3
c54,cp54,d3
c115,cp115,d3
c41,cp41,d3
c71,cp71,d3
c48,cp48,d3
j156,jv156,d3
c6,cp6,d3
c77,cp77,d3
c6,cp6,d3
j156,jv156,d3
j156,jv156,d9
j4,jv4,d3
c21,cp21,d3
c121,cp121,d3
c121,cp121,d6
j177,jv177,d3
j136,jv136,d3
j72,jv72,d3
c47,cp47,d3
c48,cp48,d3
j170,jv170,d3
j178,jv178,d3
j72,jv72,d3
c74,cp74,d3
c74,cp74,d10
j179,jv179,d3
j180,jv180,d3
j181,jv181,d3
c12,cp12,d3
c46,cp46,d3
c50,cp50,d3
c51,cp51,d3
c52,cp52,d3
c2,cp2,d3
c107,cp107,d3
c23,cp23,d3
c38,cp38,d3
j182,jv182,d3
j170,jv170,d3
c5,cp5,d3
j4,jv4,d3
c53,cp53,d3
c53,cp53,d6
j143,jv143,d3
c97,cp97,d3
j7,jv7,d3
c54,cp54,d3
j4,jv4,d3
c97,cp97,d3
c97,cp97,d6
j185,jv185,d3
j185,jv185,d6
c24,cp24,d3
c54,cp54,d3
c62,cp62,d3
c20,cp20,d3
c21,cp21,d3
c51,cp51,d3
j186,jv186,d3
j12,jv12,d3
c103,cp103,d3
j187,jv187,d3
c59,cp59,d3
c120,cp120,d3
c42,cp42,d3
c112,cp112,d3
c4,cp4,d3
c22,cp22,d3
c22,cp22,d6
j187,jv187,d3
c2,cp2,d3
c112,cp112,d3
c74,cp74,d3
j4,jv4,d3
j156,jv156,d3
j189,jv189,d3
c4,cp4,d3
j190,jv190,d3
j191,jv191,d3
c90,cp90,d3
c53,cp53,d3
c65,cp65,d3
c82,cp82,d3
c56,cp56,d3
j187,jv187,d3
c57,cp57,d3
c58,cp58,d3
c2,cp2,d3
c2,cp2,d3
c50,cp50,d3
c2,cp2,d3
j195,jv195,d3
j4,jv4,d3
c30,cp30,d3
j196,jv196,d3
c54,cp54,d3
c92,cp92,d3
c2,cp2,d3
c81,cp81,d3
j187,jv187,d3
c39,cp39,d3
c92,cp92,d3
c4,cp4,d3
c37,cp37,d3
j170,jv170,d3
j187,jv187,d3
c59,cp59,d3
c4,cp4,d3
c60,cp60,d3
c114,cp114,d3
c12,cp12,d3
j62,jv62,d3
c62,cp62,d3
c63,cp63,d3
c64,cp64,d3
j170,jv170,d3
c106,cp106,d3
c116,cp116,d3
c65,cp65,d3
j170,jv170,d3
c66,cp66,d3
c66,cp66,d6
c65,cp65,d3
c77,cp77,d3
c60,cp60,d3
c68,cp68,d3
j54,jv54,d3
c66,cp66,d3
j110,jv110,d3
c20,cp20,d3
j66,jv66,d3
c86,cp86,d3
c49,cp49,d3
c67,cp67,d3
j153,jv153,d3
j201,jv201,d3
c68,cp68,d3
c12,cp12,d3
c81,cp81,d3
c97,cp97,d3
c60,cp60,d3
c64,cp64,d3
j187,jv187,d3
c51,cp51,d3
c69,cp69,d3
c69,cp69,d6
c41,cp41,d3
c45,cp45,d3
c8,cp8,d3
j203,jv203,d3
j203,jv203,d6
c70,cp70,d3
c70,cp70,d6
c71,cp71,d3
c110,cp110,d3
c71,cp71,d3
c71,cp71,d11
c3,cp3,d3
c9,cp9,d3
c4,cp4,d3
c4,cp4,d6
c2,cp2,d3
c83,cp83,d3
c107,cp107,d3
c43,cp43,d3
c106,cp106,d3
c72,cp72,d3
c22,cp22,d3
c69,cp69,d3
j72,jv72,d3
c60,cp60,d3
c2,cp2,d3
j206,jv206,d3
j207,jv207,d3
j207,jv207,d9
j208,jv208,d3
c71,cp71,d3
c115,cp115,d3
c73,cp73,d3
c34,cp34,d3
j210,jv210,d3
c78,cp78,d3
c69,cp69,d3
j212,jv212,d3
j213,jv213,d3
c74,cp74,d3
j216,jv216,d3
j216,jv216,d6
c75,cp75,d3
c42,cp42,d3
c16,cp16,d3
j219,jv219,d3
c7,cp7,d3
c87,cp87,d3
j220,jv220,d3
c98,cp98,d3
c76,cp76,d3
j170,jv170,d3
c98,cp98,d3
c15,cp15,d3
j178,jv178,d3
j216,jv216,d3
j216,jv216,d6
c84,cp84,d3
j222,jv222,d3
c94,cp94,d3
j223,jv223,d3
c23,cp23,d3
j224,jv224,d3
j185,jv185,d3
c79,cp79,d3
c53,cp53,d3
c77,cp77,d3
j226,jv226,d3
c70,cp70,d3
j227,jv227,d3
j227,jv227,d9
c78,cp78,d3
j228,jv228,d3
j229,jv229,d3
j230,jv230,d3
c79,cp79,d3
c79,cp79,d6
c89,cp89,d3
c89,cp89,d11
j206,jv206,d3
c80,cp80,d3
c48,cp48,d3
c74,cp74,d3
c58,cp58,d3
j231,jv231,d3
c42,cp42,d3
c42,cp42,d8
c23,cp23,d3
j233,jv233,d3
c62,cp62,d3
j236,jv236,d3
c90,cp90,d3
c81,cp81,d3
c85,cp85,d3
j238,jv238,d3
j238,jv238,d10
c9,cp9,d3
c42,cp42,d3
c11,cp11,d3
c19,cp19,d3
j242,jv242,d3
j156,jv156,d3
c67,cp67,d3
j65,jv65,d3
j243,jv243,d3
j7,jv7,d3
j246,jv246,d3
j247,jv247,d3
c15,cp15,d3
j248,jv248,d3
j249,jv249,d3
c79,cp79,d3
c103,cp103,d3
j152,jv152,d3
c42,cp42,d3
j226,jv226,d3
j7,jv7,d3
c0,cp0,d3
j247,jv247,d3
j4,jv4,d3
j251,jv251,d3
j7,jv7,d3
j7,jv7,d3
c119,cp119,d3
c96,cp96,d3
j254,jv254,d3
j248,jv248,d3
j258,jv258,d3
j152,jv152,d3
j7,jv7,d3
c66,cp66,d3
j7,jv7,d3
j7,jv7,d3
c54,cp54,d3
j7,jv7,d3
j13,jv13,d3
j17,jv17,d3
j17,jv17,d9
j249,jv249,d3
j265,jv265,d3
j267,jv267,d3
j268,jv268,d3
j268,jv268,d9
c65,cp65,d3
j78,jv78,d3
j219,jv219,d3
j272,jv272,d3
c18,cp18,d3
j7,jv7,d3
c81,cp81,d3
j273,jv273,d3
j274,jv274,d3
j274,jv274,d6
c7,cp7,d3
j7,jv7,d3
c82,cp82,d3
j17,jv17,d3
j17,jv17,d4
c77,cp77,d3
c77,cp77,d9
j7,jv7,d3
c7,cp7,d3
j7,jv7,d3
j36,jv36,d3
j36,jv36,d4
j248,jv248,d3
j276,jv276,d3
j7,jv7,d3
j251,jv251,d3
c83,cp83,d3
j78,jv78,d3
j78,jv78,d3
j7,jv7,d3
j260,jv260,d3
j260,jv260,d3
j69,jv69,d3
j7,jv7,d3
j152,jv152,d3
j277,jv277,d3
j278,jv278,d3
j152,jv152,d3
j4,jv4,d3
j4,jv4,d6
j16,jv16,d3
c27,cp27,d3
j246,jv246,d3
j284,jv284,d3
c39,cp39,d3
j285,jv285,d3
c110,cp110,d3
j17,jv17,d3
c88,cp88,d3
c107,cp107,d3
c109,cp109,d3
j288,jv288,d3
j7,jv7,d3
j278,jv278,d3
j278,jv278,d9
j289,jv289,d3
j289,jv289,d9
c66,cp66,d3
j246,jv246,d3
c85,cp85,d3
j294,jv294,d3
c90,cp90,d3
j152,jv152,d3
j296,jv296,d3
c108,cp108,d3
j152,jv152,d3
c59,cp59,d3
j300,jv300,d3
c80,cp80,d3
c18,cp18,d3
j258,jv258,d3
j48,jv48,d3
j303,jv303,d3
c3,cp3,d3
j304,jv304,d3
c19,cp19,d3
c19,cp19,d9
j222,jv222,d3
c57,cp57,d3
j152,jv152,d3
j136,jv136,d3
j219,jv219,d3
j308,jv308,d3
j258,jv258,d3
c105,cp105,d3
c85,cp85,d3
j7,jv7,d3
j260,jv260,d3
c104,cp104,d3
c98,cp98,d3
j50,jv50,d3
j289,jv289,d3
j7,jv7,d3
j152,jv152,d3
j312,jv312,d3
j312,jv312,d15
j78,jv78,d3
j66,jv66,d3
j313,jv313,d3
c85,cp85,d3
c19,cp19,d3
c19,cp19,d9
j65,jv65,d3
j314,jv314,d3
j314,jv314,d6
c62,cp62,d3
j260,jv260,d3
j317,jv317,d3
c86,cp86,d3
c49,cp49,d3
c89,cp89,d3
c35,cp35,d3
c63,cp63,d3
j229,jv229,d3
c45,cp45,d3
j65,jv65,d3
j7,jv7,d3
c71,cp71,d3
c48,cp48,d3
c121,cp121,d3
c40,cp40,d3
j265,jv265,d3
j7,jv7,d3
c40,cp40,d3
c16,cp16,d3
c16,cp16,d4
c16,cp16,d9
c16,cp16,d12
c16,cp16,d15
j246,jv246,d3
c87,cp87,d3
j322,jv322,d3
j292,jv292,d3
j152,jv152,d3
j208,jv208,d3
j13,jv13,d3
j13,jv13,d10
j323,jv323,d3
j304,jv304,d3
c6,cp6,d3
c42,cp42,d3
j53,jv53,d3
c48,cp48,d3
j152,jv152,d3
j7,jv7,d3
j150,jv150,d3
j134,jv134,d3
c78,cp78,d3
c99,cp99,d3
j323,jv323,d3
c117,cp117,d3
j7,jv7,d3
j7,jv7,d3
c10,cp10,d3
j324,jv324,d3
c89,cp89,d3
c88,cp88,d3
c16,cp16,d3
c1,cp1,d3
j17,jv17,d3
c55,cp55,d3
j152,jv152,d3
j178,jv178,d3
j17,jv17,d3
j17,jv17,d15
c28,cp28,d3
j15,jv15,d3
j260,jv260,d3
c61,cp61,d3
j210,jv210,d3
j226,jv226,d3
c106,cp106,d3
j36,jv36,d3
c89,cp89,d3
c89,cp89,d6
j185,jv185,d3
j185,jv185,d6
j152,jv152,d3
j190,jv190,d3
j7,jv7,d3
j13,jv13,d3
c117,cp117,d3
j329,jv329,d3
j190,jv190,d3
c84,cp84,d3
j312,jv312,d3
c90,cp90,d3
j330,jv330,d3
j152,jv152,d3
j4,jv4,d3
j7,jv7,d3
j17,jv17,d3
j12,jv12,d3
c13,cp13,d3
c46,cp46,d3
c46,cp46,d9
j69,jv69,d3
j17,jv17,d3
j17,jv17,d4
j152,jv152,d3
j332,jv332,d3
j334,jv334,d3
j334,jv334,d4
c58,cp58,d3
c54,cp54,d3
c3,cp3,d3
j335,jv335,d3
j335,jv335,d9
c3,cp3,d3
j294,jv294,d3
j181,jv181,d3
j134,jv134,d3
j190,jv190,d3
c97,cp97,d3
j312,jv312,d3
c91,cp91,d3
c51,cp51,d3
c69,cp69,d3
j339,jv339,d3
j260,jv260,d3
c69,cp69,d3
j16,jv16,d3
c24,cp24,d3
j72,jv72,d3
c121,cp121,d3
j152,jv152,d3
j244,jv244,d3
j50,jv50,d3
c30,cp30,d3
j17,jv17,d3
j17,jv17,d4
c92,cp92,d3
c92,cp92,d3
c107,cp107,d3
c107,cp107,d4
j152,jv152,d3
j341,jv341,d3
c48,cp48,d3
j341,jv341,d3
j342,jv342,d3
j342,jv342,d6
j210,jv210,d3
c27,cp27,d3
j7,jv7,d3
c65,cp65,d3
c76,cp76,d3
c62,cp62,d3
j190,jv190,d3
c3,cp3,d3
c3,cp3,d14
j78,jv78,d3
j341,jv341,d3
j67,jv67,d3
j67,jv67,d11
j152,jv152,d3
j134,jv134,d3
j134,jv134,d6
j7,jv7,d3
c104,cp104,d3
c49,cp49,d3
c94,cp94,d3
c24,cp24,d3
c68,cp68,d3
j7,jv7,d3
j345,jv345,d3
c69,cp69,d3
c69,cp69,d6
j345,jv345,d3
j345,jv345,d15
c93,cp93,d3
c93,cp93,d9
c95,cp95,d3
c19,cp19,d3
c3,cp3,d3
c109,cp109,d3
j7,jv7,d3
c75,cp75,d3
c68,cp68,d3
c16,cp16,d3
c9,cp9,d3
j260,jv260,d3
c58,cp58,d3
c21,cp21,d3
c96,cp96,d3
j349,jv349,d3
c33,cp33,d3
c98,cp98,d3
c43,cp43,d3
j181,jv181,d3
c6,cp6,d3
c58,cp58,d3
c21,cp21,d3
c69,cp69,d3
c14,cp14,d3
c114,cp114,d3
c114,cp114,d5
j357,jv357,d3
j357,jv357,d10
j358,jv358,d3
c20,cp20,d3
j361,jv361,d3
c100,cp100,d3
c66,cp66,d3
j363,jv363,d3
c96,cp96,d3
c52,cp52,d3
j366,jv366,d3
c101,cp101,d3
c53,cp53,d3
j173,jv173,d3
j4,jv4,d3
j173,jv173,d3
c60,cp60,d3
c104,cp104,d3
j357,jv357,d3
j357,jv357,d10
c102,cp102,d3
c21,cp21,d3
c53,cp53,d3
c102,cp102,d3
c21,cp21,d3
c4,cp4,d3
j357,jv357,d3
j357,jv357,d10
c104,cp104,d3
c105,cp105,d3
j378,jv378,d3
j4,jv4,d3
c2,cp2,d3
c5,cp5,d3
c18,cp18,d3
c85,cp85,d3
c14,cp14,d3
c91,cp91,d3
c119,cp119,d3
c106,cp106,d3
j382,jv382,d3
c89,cp89,d3
c42,cp42,d3
c7,cp7,d3
c61,cp61,d3
c92,cp92,d3
c55,cp55,d3
c60,cp60,d3
c8,cp8,d3
c107,cp107,d3
j389,jv389,d3
c41,cp41,d3
c108,cp108,d3
c74,cp74,d3
c97,cp97,d3
j66,jv66,d3
c109,cp109,d3
c21,cp21,d3
c20,cp20,d3
c46,cp46,d3
c31,cp31,d3
c115,cp115,d3
c115,cp115,d9
c112,cp112,d3
c117,cp117,d3
c32,cp32,d3
c10,cp10,d3
c99,cp99,d3
j393,jv393,d3
c116,cp116,d3
c78,cp78,d3
c89,cp89,d3
c89,cp89,d6
c110,cp110,d3
c110,cp110,d10
c22,cp22,d3
j208,jv208,d3
c111,cp111,d3
c111,cp111,d6
c24,cp24,d3
c81,cp81,d3
c102,cp102,d3
c93,cp93,d3
c113,cp113,d3
c24,cp24,d3
c114,cp114,d3
c0,cp0,d3
c4,cp4,d3
c64,cp64,d3
c29,cp29,d3
c111,cp111,d3
c102,cp102,d3
c118,cp118,d3
c80,cp80,d3
c22,cp22,d3
c115,cp115,d3
c48,cp48,d3
c51,cp51,d3
c59,cp59,d3
c111,cp111,d3
c11,cp11,d3
c92,cp92,d3
c102,cp102,d3
c116,cp116,d3
c34,cp34,d3
c117,cp117,d3
c92,cp92,d3
c89,cp89,d3
c118,cp118,d3
j206,jv206,d3
c36,cp36,d3
c68,cp68,d3
c68,cp68,d6
c47,cp47,d3
c104,cp104,d3
c117,cp117,d3
c17,cp17,d3
c44,cp44,d3
c96,cp96,d3
c51,cp51,d3
c51,cp51,d4
j403,jv403,d3
j403,jv403,d9
c79,cp79,d3
c52,cp52,d3
c52,cp52,d11
c83,cp83,d3
j118,jv118,d3
j118,jv118,d7
j118,jv118,d11
c98,cp98,d3
c110,cp110,d3
c113,cp113,d3
c114,cp114,d3
c114,cp114,d9
c84,cp84,d3
c14,cp14,d3
c14,cp14,d9
c113,cp113,d3
c33,cp33,d3
j62,jv62,d3
c90,cp90,d3
c112,cp112,d3
c119,cp119,d3
c40,cp40,d3
c54,cp54,d3
c35,cp35,d3
c19,cp19,d3
c97,cp97,d3
j67,jv67,d3
j67,jv67,d11
c55,cp55,d3
c55,cp55,d9
j414,jv414,d3
c24,cp24,d3
j62,jv62,d3
c21,cp21,d3
c21,cp21,d9
c37,cp37,d3
c37,cp37,d9
c46,cp46,d3
c46,cp46,d11
c120,cp120,d3
c120,cp120,d9
j67,jv67,d3
j67,jv67,d4
c83,cp83,d3
c119,cp119,d3
c119,cp119,d9
c119,cp119,d3
c76,cp76,d3
c76,cp76,d9
c119,cp119,d3
j67,jv67,d3
j67,jv67,d9
c119,cp119,d3
j416,jv416,d3
c114,cp114,d3
c60,cp60,d3
j62,jv62,d3
j62,jv62,d15
j12,jv12,d3
j12,jv12,d9
j423,jv423,d3
j303,jv303,d3
j303,jv303,d11
j67,jv67,d3
j67,jv67,d9
j67,jv67,d3
j67,jv67,d11
c30,cp30,d3
c30,cp30,d4
c30,cp30,d9
j427,jv427,d3
c97,cp97,d3
j423,jv423,d3
j423,jv423,d9
j423,jv423,d15
j424,jv424,d3
j268,jv268,d3
j268,jv268,d4
j268,jv268,d9
j268,jv268,d11
j423,jv423,d3
j206,jv206,d3
c7,cp7,d3
c17,cp17,d3
c65,cp65,d3
c65,cp65,d9
c102,cp102,d3
j268,jv268,d3
j268,jv268,d9
c49,cp49,d3
j226,jv226,d3
c61,cp61,d3
j428,jv428,d3
c110,cp110,d3
c108,cp108,d3
c98,cp98,d3
j268,jv268,d3
j268,jv268,d11
j206,jv206,d3
c76,cp76,d3
c48,cp48,d3
j156,jv156,d3
j156,jv156,d9
c28,cp28,d3
c74,cp74,d3
c1,cp1,d3
c16,cp16,d3
c121,cp121,d3
c121,cp121,d9
c34,cp34,d3
c34,cp34,d11
j424,jv424,d3
j62,jv62,d3
c44,cp44,d3
j430,jv430,d3
c104,cp104,d3
c104,cp104,d9
c23,cp23,d3
c23,cp23,d9
c99,cp99,d3
c99,cp99,d15
j424,jv424,d3
j424,jv424,d9
j268,jv268,d3
j268,jv268,d9
c67,cp67,d3
j424,jv424,d3
j432,jv432,d3
j424,jv424,d3
j424,jv424,d9
j62,jv62,d3
j268,jv268,d3
j268,jv268,d9
c76,cp76,d4
j35,jv35,d4
j56,jv56,d4
c54,cp54,d4
j58,jv58,d4
c37,cp37,d4
c109,cp109,d4
c41,cp41,d4
j30,jv30,d4
c6,cp6,d4
c72,cp72,d4
c117,cp117,d4
c88,cp88,d4
c46,cp46,d4
c44,cp44,d4
c24,cp24,d4
c31,cp31,d4
c76,cp76,d4
c76,cp76,d11
c76,cp76,d15
c39,cp39,d4
c98,cp98,d4
c13,cp13,d4
j263,jv263,d4
j283,jv283,d4
c38,cp38,d4
c59,cp59,d4
c22,cp22,d4
c83,cp83,d4
c121,cp121,d4
c7,cp7,d4
c7,cp7,d15
c66,cp66,d4
c92,cp92,d4
c106,cp106,d4
c77,cp77,d4
c11,cp11,d4
c60,cp60,d4
c34,cp34,d4
c87,cp87,d4
c20,cp20,d4
c6,cp6,d4
c97,cp97,d4
c7,cp7,d4
c82,cp82,d4
c82,cp82,d9
j419,jv419,d4
j419,jv419,d15
c94,cp94,d4
c94,cp94,d15
c64,cp64,d4
c36,cp36,d4
c106,cp106,d4
c101,cp101,d4
c112,cp112,d4
j406,jv406,d4
c21,cp21,d4
c3,cp3,d4
c46,cp46,d4
c46,cp46,d11
c111,cp111,d4
c111,cp111,d15
c102,cp102,d4
c89,cp89,d4
j419,jv419,d4
c83,cp83,d4
c94,cp94,d5
c98,cp98,d5
c85,cp85,d5
j6,jv6,d5
c21,cp21,d5
j374,jv374,d5
c95,cp95,d5
j375,jv375,d5
c44,cp44,d5
j214,jv214,d5
c61,cp61,d6
j118,jv118,d6
c21,cp21,d6
j128,jv128,d6
c121,cp121,d6
c121,cp121,d9
c43,cp43,d6
c99,cp99,d6
c1,cp1,d6
c115,cp115,d6
c117,cp117,d6
j215,jv215,d6
c55,cp55,d6
j235,jv235,d6
c77,cp77,d6
c112,cp112,d6
c112,cp112,d9
c112,cp112,d11
c57,cp57,d6
c95,cp95,d6
c92,cp92,d7
c53,cp53,d7
c76,cp76,d7
c106,cp106,d7
c13,cp13,d7
j204,jv204,d7
c103,cp103,d7
c41,cp41,d7
c74,cp74,d7
c70,cp70,d7
c89,cp89,d7
c90,cp90,d7
c20,cp20,d7
c25,cp25,d7
c13,cp13,d7
c23,cp23,d7
c10,cp10,d7
c46,cp46,d7
c46,cp46,d11
c119,cp119,d8
c22,cp22,d8
c9,cp9,d8
c96,cp96,d8
c17,cp17,d8
c38,cp38,d8
c25,cp25,d8
c107,cp107,d8
c92,cp92,d8
c110,cp110,d8
c93,cp93,d8
c7,cp7,d8
c7,cp7,d13
c7,cp7,d14
j29,jv29,d9
c78,cp78,d9
c97,cp97,d9
c107,cp107,d9
c107,cp107,d15
c95,cp95,d9
j142,jv142,d9
c22,cp22,d9
c22,cp22,d11
c6,cp6,d9
c10,cp10,d9
c73,cp73,d9
j256,jv256,d9
j257,jv257,d9
j264,jv264,d9
j269,jv269,d9
j275,jv275,d9
c53,cp53,d9
c47,cp47,d9
c14,cp14,d9
c61,cp61,d9
j299,jv299,d9
c22,cp22,d9
c115,cp115,d9
j301,jv301,d9
c51,cp51,d9
j245,jv245,d9
c60,cp60,d9
c5,cp5,d9
j316,jv316,d9
c27,cp27,d9
c82,cp82,d9
c94,cp94,d9
c67,cp67,d9
c100,cp100,d9
c4,cp4,d9
c4,cp4,d9
c119,cp119,d9
c8,cp8,d9
c39,cp39,d9
c22,cp22,d9
c80,cp80,d9
c110,cp110,d9
c110,cp110,d11
c84,cp84,d9
c100,cp100,d9
c84,cp84,d9
c50,cp50,d9
c53,cp53,d9
c2,cp2,d9
j44,jv44,d9
c2,cp2,d9
j44,jv44,d9
c85,cp85,d9
c85,cp85,d11
c104,cp104,d9
c88,cp88,d9
c13,cp13,d9
j44,jv44,d9
c72,cp72,d9
c108,cp108,d9
c16,cp16,d9
c15,cp15,d9
j264,jv264,d9
c17,cp17,d9
c8,cp8,d9
c21,cp21,d9
c10,cp10,d9
c19,cp19,d9
c7,cp7,d9
c105,cp105,d9
c5,cp5,d9
c4,cp4,d9
c67,cp67,d9
c39,cp39,d9
c39,cp39,d11
c77,cp77,d9
c73,cp73,d9
c37,cp37,d9
c75,cp75,d9
c17,cp17,d9
c92,cp92,d9
c92,cp92,d11
c42,cp42,d9
j269,jv269,d9
j264,jv264,d9
j406,jv406,d9
c44,cp44,d9
c89,cp89,d9
c89,cp89,d11
j44,jv44,d9
j44,jv44,d11
c13,cp13,d9
c120,cp120,d9
j407,jv407,d9
j408,jv408,d9
c32,cp32,d9
j409,jv409,d9
c21,cp21,d9
c14,cp14,d9
c102,cp102,d9
j412,jv412,d9
c46,cp46,d9
c46,cp46,d11
c34,cp34,d9
j415,jv415,d9
c40,cp40,d9
c115,cp115,d9
j416,jv416,d9
c81,cp81,d9
c16,cp16,d9
c16,cp16,d11
c74,cp74,d9
c74,cp74,d11
c70,cp70,d9
c19,cp19,d9
j264,jv264,d9
j264,jv264,d9
j411,jv411,d9
c45,cp45,d9
c59,cp59,d9
c97,cp97,d9
j411,jv411,d9
c32,cp32,d9
c32,cp32,d11
c32,cp32,d15
c9,cp9,d9
c25,cp25,d9
c102,cp102,d9
c45,cp45,d9
j406,jv406,d9
c8,cp8,d9
c9,cp9,d9
j411,jv411,d9
c72,cp72,d9
c56,cp56,d9
c100,cp100,d9
c69,cp69,d9
j420,jv420,d9
c87,cp87,d9
c30,cp30,d9
c30,cp30,d11
j406,jv406,d9
j406,jv406,d9
c108,cp108,d9
c43,cp43,d9
c59,cp59,d9
c59,cp59,d11
c7,cp7,d9
j422,jv422,d9
c47,cp47,d9
c47,cp47,d11
c62,cp62,d9
c74,cp74,d9
c74,cp74,d11
c105,cp105,d9
c105,cp105,d9
c49,cp49,d9
c41,cp41,d9
c35,cp35,d9
c43,cp43,d9
c43,cp43,d11
c14,cp14,d9
c13,cp13,d9
c32,cp32,d9
c87,cp87,d9
c110,cp110,d9
c0,cp0,d9
c64,cp64,d9
c36,cp36,d9
c73,cp73,d9
c24,cp24,d9
c92,cp92,d9
c60,cp60,d9
c24,cp24,d9
c72,cp72,d9
c2,cp2,d9
j118,jv118,d9
j118,jv118,d11
c22,cp22,d9
c118,cp118,d9
c66,cp66,d9
c19,cp19,d9
j419,jv419,d9
c80,cp80,d9
c39,cp39,d9
c73,cp73,d9
c73,cp73,d11
c18,cp18,d9
c109,cp109,d9
c1,cp1,d9
c72,cp72,d9
c2,cp2,d9
c74,cp74,d9
c21,cp21,d9
c75,cp75,d9
c91,cp91,d9
c91,cp91,d11
c61,cp61,d9
c30,cp30,d9
c43,cp43,d9
c43,cp43,d11
c73,cp73,d9
c1,cp1,d9
c26,cp26,d9
c62,cp62,d9
c52,cp52,d9
c93,cp93,d9
c7,cp7,d9
c7,cp7,d11
c80,cp80,d9
c80,cp80,d11
c27,cp27,d9
c78,cp78,d9
c73,cp73,d9
c104,cp104,d9
c26,cp26,d9
c88,cp88,d9
c66,cp66,d9
c77,cp77,d9
j431,jv431,d9
c62,cp62,d9
c49,cp49,d9
c9,cp9,d9
c121,cp121,d9
c63,cp63,d9
c60,cp60,d9
c97,cp97,d9
c61,cp61,d9
c10,cp10,d9
c108,cp108,d9
c71,cp71,d9
c121,cp121,d9
c120,cp120,d9
c102,cp102,d9
c117,cp117,d10
c54,cp54,d10
j91,jv91,d10
c111,cp111,d10
j44,jv44,d10
j199,jv199,d10
c60,cp60,d10
c27,cp27,d10
c21,cp21,d10
c88,cp88,d10
c121,cp121,d10
c33,cp33,d10
j253,jv253,d10
j264,jv264,d10
c81,cp81,d10
c64,cp64,d10
c98,cp98,d10
c84,cp84,d10
c21,cp21,d10
c6,cp6,d10
c81,cp81,d10
c115,cp115,d10
c116,cp116,d10
c95,cp95,d10
c118,cp118,d10
c108,cp108,d10
c108,cp108,d15
c87,cp87,d10
c25,cp25,d11
c104,cp104,d11
c97,cp97,d11
j245,jv245,d11
c103,cp103,d11
j251,jv251,d11
j251,jv251,d11
c7,cp7,d11
c68,cp68,d11
j281,jv281,d11
j290,jv290,d11
j295,jv295,d11
c115,cp115,d11
j320,jv320,d11
c116,cp116,d11
c8,cp8,d11
c48,cp48,d11
c110,cp110,d11
c65,cp65,d11
c74,cp74,d11
c5,cp5,d11
c55,cp55,d11
j44,jv44,d11
c101,cp101,d11
c116,cp116,d11
c89,cp89,d11
c9,cp9,d11
c118,cp118,d11
c1,cp1,d11
c82,cp82,d11
c117,cp117,d11
c78,cp78,d11
c2,cp2,d11
c20,cp20,d11
c76,cp76,d11
c30,cp30,d11
c59,cp59,d11
c81,cp81,d11
c56,cp56,d11
c89,cp89,d11
c6,cp6,d11
c111,cp111,d11
c52,cp52,d11
c70,cp70,d11
c68,cp68,d11
c8,cp8,d11
c37,cp37,d11
c83,cp83,d11
c71,cp71,d11
c59,cp59,d11
j410,jv410,d11
c51,cp51,d11
c71,cp71,d11
c79,cp79,d11
c108,cp108,d11
c0,cp0,d11
j410,jv410,d11
c87,cp87,d11
j417,jv417,d11
j418,jv418,d11
c72,cp72,d11
c68,cp68,d11
c119,cp119,d11
j410,jv410,d11
c73,cp73,d11
c117,cp117,d11
c39,cp39,d11
c108,cp108,d11
c31,cp31,d11
c79,cp79,d11
c34,cp34,d11
c71,cp71,d11
c86,cp86,d11
c37,cp37,d11
c6,cp6,d11
c84,cp84,d11
c89,cp89,d11
j406,jv406,d11
c42,cp42,d11
c61,cp61,d11
c62,cp62,d11
c68,cp68,d11
c0,cp0,d11
c47,cp47,d11
c74,cp74,d11
c82,cp82,d11
c119,cp119,d11
c104,cp104,d11
c55,cp55,d11
c13,cp13,d11
c11,cp11,d11
c109,cp109,d11
j426,jv426,d11
c55,cp55,d11
c69,cp69,d11
c22,cp22,d11
c70,cp70,d11
c20,cp20,d11
c43,cp43,d11
c115,cp115,d11
c75,cp75,d11
c15,cp15,d11
c40,cp40,d11
c76,cp76,d11
c99,cp99,d11
c61,cp61,d11
c71,cp71,d11
c75,cp75,d11
c13,cp13,d11
c63,cp63,d11
c121,cp121,d11
c6,cp6,d11
c21,cp21,d11
c83,cp83,d11
c55,cp55,d11
c52,cp52,d11
c77,cp77,d11
c80,cp80,d11
c81,cp81,d11
c89,cp89,d11
c51,cp51,d11
c24,cp24,d11
c65,cp65,d11
c69,cp69,d11
c4,cp4,d11
j410,jv410,d11
c73,cp73,d11
c106,cp106,d11
j429,jv429,d11
j410,jv410,d11
c0,cp0,d11
c3,cp3,d11
c19,cp19,d11
j118,jv118,d11
c16,cp16,d11
c60,cp60,d11
c85,cp85,d11
c90,cp90,d11
c113,cp113,d11
c7,cp7,d11
c5,cp5,d11
c45,cp45,d11
c54,cp54,d11
c14,cp14,d11
c121,cp121,d11
c112,cp112,d11
j118,jv118,d11
c39,cp39,d12
c56,cp56,d12
c37,cp37,d12
c20,cp20,d13
c72,cp72,d13
c15,cp15,d13
c21,cp21,d13
c80,cp80,d13
j17,jv17,d13
c95,cp95,d13
c108,cp108,d13
c114,cp114,d13
c69,cp69,d13
c59,cp59,d13
c21,cp21,d13
c40,cp40,d13
c87,cp87,d13
c61,cp61,d14
c89,cp89,d14
c45,cp45,d14
c72,cp72,d14
c30,cp30,d14
c40,cp40,d14
c32,cp32,d14
c70,cp70,d14
c107,cp107,d14
c66,cp66,d14
c101,cp101,d14
j41,jv41,d15
j44,jv44,d15
c72,cp72,d15
c101,cp101,d15
j122,jv122,d15
c104,cp104,d15
j130,jv130,d15
c73,cp73,d15
c97,cp97,d15
c50,cp50,d15
c30,cp30,d15
c44,cp44,d15
j262,jv262,d15
j263,jv263,d15
c98,cp98,d15
c16,cp16,d15
j104,jv104,d15
c29,cp29,d15
c95,cp95,d15
j419,jv419,d15
c110,cp110,d15
c92,cp92,d15
j421,jv421,d15
c32,cp32,d15
c29,cp29,d15
c87,cp87,d15
c47,cp47,d15
c22,cp22,d15
c37,cp37,d15
c8,cp8,d15
c4,cp4,d15
j83,jv83,d16
c3,cp3,d16
c117,cp117,d16
c74,cp74,d16
c58,cp58,d16
c46,cp46,d16
c41,cp41,d16
j165,jv165,d16
c106,cp106,d16
c96,cp96,d16
c64,cp64,d17
